-- phpMyAdmin SQL Dump
-- version 4.8.2
-- https://www.phpmyadmin.net/
--
-- Host: localhost
-- Generation Time: 2018-10-22 19:14:30
-- 服务器版本： 5.6.38
-- PHP Version: 7.1.12

SET SQL_MODE = "NO_AUTO_VALUE_ON_ZERO";
SET AUTOCOMMIT = 0;
START TRANSACTION;
SET time_zone = "+00:00";


/*!40101 SET @OLD_CHARACTER_SET_CLIENT=@@CHARACTER_SET_CLIENT */;
/*!40101 SET @OLD_CHARACTER_SET_RESULTS=@@CHARACTER_SET_RESULTS */;
/*!40101 SET @OLD_COLLATION_CONNECTION=@@COLLATION_CONNECTION */;
/*!40101 SET NAMES utf8mb4 */;

--
-- Database: `larabbs`
--

-- --------------------------------------------------------

--
-- 表的结构 `categories`
--

CREATE TABLE `categories` (
  `id` int(10) UNSIGNED NOT NULL,
  `name` varchar(20) COLLATE utf8mb4_unicode_ci NOT NULL COMMENT '名称',
  `description` text COLLATE utf8mb4_unicode_ci COMMENT '描述',
  `created_at` timestamp NULL DEFAULT NULL,
  `updated_at` timestamp NULL DEFAULT NULL
) ENGINE=InnoDB DEFAULT CHARSET=utf8mb4 COLLATE=utf8mb4_unicode_ci;

--
-- 转存表中的数据 `categories`
--

INSERT INTO `categories` (`id`, `name`, `description`, `created_at`, `updated_at`) VALUES
(1, '分享', '分享创造，分享发现', NULL, NULL),
(2, '教程', '开发技巧、推荐扩展包等', NULL, NULL),
(3, '问答', '请保持友善，互帮互助', NULL, NULL),
(4, '公告', '站点公告', NULL, NULL);

-- --------------------------------------------------------

--
-- 表的结构 `failed_jobs`
--

CREATE TABLE `failed_jobs` (
  `id` bigint(20) UNSIGNED NOT NULL,
  `connection` text COLLATE utf8mb4_unicode_ci NOT NULL,
  `queue` text COLLATE utf8mb4_unicode_ci NOT NULL,
  `payload` longtext COLLATE utf8mb4_unicode_ci NOT NULL,
  `exception` longtext COLLATE utf8mb4_unicode_ci NOT NULL,
  `failed_at` timestamp NOT NULL DEFAULT CURRENT_TIMESTAMP
) ENGINE=InnoDB DEFAULT CHARSET=utf8mb4 COLLATE=utf8mb4_unicode_ci;

-- --------------------------------------------------------

--
-- 表的结构 `links`
--

CREATE TABLE `links` (
  `id` int(10) UNSIGNED NOT NULL,
  `title` varchar(30) COLLATE utf8mb4_unicode_ci NOT NULL COMMENT '资源的描述',
  `link` varchar(100) COLLATE utf8mb4_unicode_ci NOT NULL COMMENT '资源的链接',
  `created_at` timestamp NULL DEFAULT NULL,
  `updated_at` timestamp NULL DEFAULT NULL
) ENGINE=InnoDB DEFAULT CHARSET=utf8mb4 COLLATE=utf8mb4_unicode_ci;

--
-- 转存表中的数据 `links`
--

INSERT INTO `links` (`id`, `title`, `link`, `created_at`, `updated_at`) VALUES
(1, 'Prof. Araceli Cronin', 'http://wiza.biz/consequatur-ut-similique-quia-illo-aliquid-illum-laborum-et', NULL, NULL),
(2, 'Gage Fritsch', 'http://wyman.com/', NULL, NULL),
(3, 'Alyce Kassulke', 'http://bergnaum.com/', NULL, NULL),
(4, 'Emory McCullough Jr.', 'https://www.tromp.com/consequatur-repellendus-sint-facilis-et-officiis', NULL, NULL),
(5, 'Ethyl Russel', 'http://www.davis.biz/nulla-placeat-provident-dolor-aliquid-doloremque-rerum-iure', NULL, NULL),
(6, 'Marisol Monahan V', 'http://bode.com/non-est-voluptatem-doloremque-id-quam-cum', NULL, NULL);

-- --------------------------------------------------------

--
-- 表的结构 `migrations`
--

CREATE TABLE `migrations` (
  `id` int(10) UNSIGNED NOT NULL,
  `migration` varchar(255) COLLATE utf8mb4_unicode_ci NOT NULL,
  `batch` int(11) NOT NULL
) ENGINE=InnoDB DEFAULT CHARSET=utf8mb4 COLLATE=utf8mb4_unicode_ci;

--
-- 转存表中的数据 `migrations`
--

INSERT INTO `migrations` (`id`, `migration`, `batch`) VALUES
(1, '2014_10_12_000000_create_users_table', 1),
(2, '2014_10_12_100000_create_password_resets_table', 1),
(3, '2017_10_31_164855_add_avatar_and_introduction_to_users_table', 1),
(4, '2017_11_01_062118_create_categories_table', 1),
(5, '2017_11_01_062728_seed_categories_data', 1),
(6, '2017_11_01_063933_create_topics_table', 1),
(7, '2017_11_01_110259_create_failed_jobs_table', 1),
(8, '2017_11_01_115433_create_replies_table', 1),
(9, '2017_11_01_120830_create_notifications_table', 1),
(10, '2017_11_01_120903_add_notification_count_to_users_table', 1),
(11, '2017_11_01_154439_create_permission_tables', 1),
(12, '2017_11_01_154515_seed_roles_and_permissions_data', 1),
(13, '2017_11_01_164731_create_links_table', 1),
(14, '2017_11_01_165250_add_references', 1),
(15, '2017_11_01_165559_add_last_actived_at_to_users_table', 1);

-- --------------------------------------------------------

--
-- 表的结构 `model_has_permissions`
--

CREATE TABLE `model_has_permissions` (
  `permission_id` int(10) UNSIGNED NOT NULL,
  `model_id` int(10) UNSIGNED NOT NULL,
  `model_type` varchar(20) COLLATE utf8mb4_unicode_ci NOT NULL
) ENGINE=InnoDB DEFAULT CHARSET=utf8mb4 COLLATE=utf8mb4_unicode_ci;

-- --------------------------------------------------------

--
-- 表的结构 `model_has_roles`
--

CREATE TABLE `model_has_roles` (
  `role_id` int(10) UNSIGNED NOT NULL,
  `model_id` int(10) UNSIGNED NOT NULL,
  `model_type` varchar(20) COLLATE utf8mb4_unicode_ci NOT NULL
) ENGINE=InnoDB DEFAULT CHARSET=utf8mb4 COLLATE=utf8mb4_unicode_ci;

--
-- 转存表中的数据 `model_has_roles`
--

INSERT INTO `model_has_roles` (`role_id`, `model_id`, `model_type`) VALUES
(1, 1, 'App\\Models\\User'),
(2, 2, 'App\\Models\\User');

-- --------------------------------------------------------

--
-- 表的结构 `notifications`
--

CREATE TABLE `notifications` (
  `id` char(36) COLLATE utf8mb4_unicode_ci NOT NULL,
  `type` varchar(20) COLLATE utf8mb4_unicode_ci NOT NULL,
  `notifiable_id` int(10) UNSIGNED NOT NULL,
  `notifiable_type` varchar(20) COLLATE utf8mb4_unicode_ci NOT NULL,
  `data` text COLLATE utf8mb4_unicode_ci NOT NULL,
  `read_at` timestamp NULL DEFAULT NULL,
  `created_at` timestamp NULL DEFAULT NULL,
  `updated_at` timestamp NULL DEFAULT NULL
) ENGINE=InnoDB DEFAULT CHARSET=utf8mb4 COLLATE=utf8mb4_unicode_ci;

-- --------------------------------------------------------

--
-- 表的结构 `password_resets`
--

CREATE TABLE `password_resets` (
  `email` varchar(30) COLLATE utf8mb4_unicode_ci NOT NULL,
  `token` varchar(40) COLLATE utf8mb4_unicode_ci NOT NULL,
  `created_at` timestamp NULL DEFAULT NULL
) ENGINE=InnoDB DEFAULT CHARSET=utf8mb4 COLLATE=utf8mb4_unicode_ci;

-- --------------------------------------------------------

--
-- 表的结构 `permissions`
--

CREATE TABLE `permissions` (
  `id` int(10) UNSIGNED NOT NULL,
  `name` varchar(255) COLLATE utf8mb4_unicode_ci NOT NULL,
  `guard_name` varchar(255) COLLATE utf8mb4_unicode_ci NOT NULL,
  `created_at` timestamp NULL DEFAULT NULL,
  `updated_at` timestamp NULL DEFAULT NULL
) ENGINE=InnoDB DEFAULT CHARSET=utf8mb4 COLLATE=utf8mb4_unicode_ci;

--
-- 转存表中的数据 `permissions`
--

INSERT INTO `permissions` (`id`, `name`, `guard_name`, `created_at`, `updated_at`) VALUES
(1, 'manage_contents', 'web', '2018-10-22 11:03:09', '2018-10-22 11:03:09'),
(2, 'manage_users', 'web', '2018-10-22 11:03:09', '2018-10-22 11:03:09'),
(3, 'edit_settings', 'web', '2018-10-22 11:03:09', '2018-10-22 11:03:09');

-- --------------------------------------------------------

--
-- 表的结构 `replies`
--

CREATE TABLE `replies` (
  `id` int(10) UNSIGNED NOT NULL,
  `topic_id` int(10) UNSIGNED NOT NULL DEFAULT '0',
  `user_id` int(10) UNSIGNED NOT NULL DEFAULT '0',
  `content` text COLLATE utf8mb4_unicode_ci NOT NULL,
  `created_at` timestamp NULL DEFAULT NULL,
  `updated_at` timestamp NULL DEFAULT NULL
) ENGINE=InnoDB DEFAULT CHARSET=utf8mb4 COLLATE=utf8mb4_unicode_ci;

--
-- 转存表中的数据 `replies`
--

INSERT INTO `replies` (`id`, `topic_id`, `user_id`, `content`, `created_at`, `updated_at`) VALUES
(1, 53, 9, 'Quibusdam molestiae non voluptatem voluptate similique aspernatur.', '2018-09-30 03:11:31', '2018-09-30 03:11:31'),
(2, 46, 9, 'Consequatur dolorem rerum laborum quibusdam minima qui dolores temporibus.', '2018-10-11 22:12:40', '2018-10-11 22:12:40'),
(3, 9, 9, 'Dolorum veritatis autem cupiditate molestiae voluptas.', '2018-10-02 18:11:41', '2018-10-02 18:11:41'),
(4, 13, 6, 'In consequatur consequatur est sed iusto aut.', '2018-10-08 14:04:25', '2018-10-08 14:04:25'),
(5, 28, 9, 'Quidem neque eos soluta impedit.', '2018-10-10 10:41:48', '2018-10-10 10:41:48'),
(6, 92, 9, 'Et voluptatum itaque natus ut.', '2018-10-01 09:12:56', '2018-10-01 09:12:56'),
(7, 100, 8, 'Occaecati id ea nihil omnis voluptas.', '2018-09-26 16:55:06', '2018-09-26 16:55:06'),
(8, 87, 6, 'Tenetur quis est et repudiandae.', '2018-10-05 15:00:52', '2018-10-05 15:00:52'),
(9, 93, 3, 'Repudiandae illo voluptatum voluptas fugiat.', '2018-10-18 18:45:31', '2018-10-18 18:45:31'),
(10, 89, 5, 'Ab optio quas nam voluptas et.', '2018-10-02 17:43:03', '2018-10-02 17:43:03'),
(11, 83, 10, 'Quia magnam quae officia ea.', '2018-09-26 17:19:37', '2018-09-26 17:19:37'),
(12, 76, 5, 'Dolores ut ad laborum assumenda ad qui culpa.', '2018-09-30 20:54:31', '2018-09-30 20:54:31'),
(13, 50, 7, 'Et eveniet nemo dicta ad perferendis.', '2018-10-09 02:59:16', '2018-10-09 02:59:16'),
(14, 80, 6, 'Tempora accusantium omnis sint sed.', '2018-10-01 03:30:03', '2018-10-01 03:30:03'),
(15, 57, 1, 'Omnis beatae distinctio amet aperiam est.', '2018-10-05 10:24:48', '2018-10-05 10:24:48'),
(16, 25, 5, 'Et eius quia assumenda iste voluptatum.', '2018-10-15 23:52:48', '2018-10-15 23:52:48'),
(17, 87, 6, 'Aut assumenda et quae deleniti.', '2018-09-23 06:05:12', '2018-09-23 06:05:12'),
(18, 1, 3, 'Nihil ullam nihil beatae suscipit quam soluta fugiat cum.', '2018-10-06 10:07:41', '2018-10-06 10:07:41'),
(19, 37, 9, 'Minus assumenda voluptatibus inventore ducimus sit et consectetur voluptas.', '2018-10-05 18:25:33', '2018-10-05 18:25:33'),
(20, 75, 4, 'Expedita odio rerum impedit explicabo magni voluptatibus exercitationem.', '2018-10-18 14:34:09', '2018-10-18 14:34:09'),
(21, 33, 8, 'Voluptatum cum qui eaque consequatur.', '2018-10-15 13:10:07', '2018-10-15 13:10:07'),
(22, 89, 9, 'Animi omnis maxime officia sit adipisci dolore dolores.', '2018-10-17 06:08:09', '2018-10-17 06:08:09'),
(23, 62, 2, 'Ipsa dolores veniam voluptatem cumque.', '2018-10-08 10:29:12', '2018-10-08 10:29:12'),
(24, 91, 6, 'Ipsa doloribus eos pariatur sint mollitia omnis reprehenderit.', '2018-09-27 04:01:12', '2018-09-27 04:01:12'),
(25, 21, 9, 'A quo incidunt fugiat fuga qui omnis.', '2018-10-02 21:18:24', '2018-10-02 21:18:24'),
(26, 60, 9, 'Nulla sapiente exercitationem repudiandae aut voluptate illo qui.', '2018-10-10 00:12:09', '2018-10-10 00:12:09'),
(27, 100, 3, 'Animi quam rerum et sed eos.', '2018-09-24 18:29:53', '2018-09-24 18:29:53'),
(28, 88, 10, 'Iste nisi est sint voluptas repudiandae iure.', '2018-10-14 09:48:39', '2018-10-14 09:48:39'),
(29, 39, 5, 'Mollitia libero est animi vel.', '2018-09-28 10:03:03', '2018-09-28 10:03:03'),
(30, 68, 4, 'Enim eum sit aut qui.', '2018-09-29 00:52:13', '2018-09-29 00:52:13'),
(31, 29, 3, 'Qui qui rem quod quia.', '2018-10-02 09:13:19', '2018-10-02 09:13:19'),
(32, 79, 8, 'Architecto et praesentium tenetur et sed accusantium.', '2018-10-18 09:40:37', '2018-10-18 09:40:37'),
(33, 77, 7, 'Non totam quos consequuntur a.', '2018-09-29 15:10:24', '2018-09-29 15:10:24'),
(34, 23, 7, 'Laboriosam ex assumenda nam vel.', '2018-09-27 02:27:10', '2018-09-27 02:27:10'),
(35, 37, 4, 'Eaque vero et eius earum.', '2018-10-18 19:15:53', '2018-10-18 19:15:53'),
(36, 100, 9, 'Qui esse id et soluta.', '2018-10-18 23:31:17', '2018-10-18 23:31:17'),
(37, 40, 10, 'Cupiditate et qui quos corrupti voluptatem voluptas error.', '2018-10-16 16:43:00', '2018-10-16 16:43:00'),
(38, 50, 6, 'Dolores corrupti dolorum velit nostrum dignissimos modi et.', '2018-10-19 03:32:24', '2018-10-19 03:32:24'),
(39, 50, 8, 'Qui ipsam repellendus ipsam necessitatibus.', '2018-10-19 21:22:35', '2018-10-19 21:22:35'),
(40, 99, 4, 'Voluptas provident non quam rem optio.', '2018-10-12 06:24:47', '2018-10-12 06:24:47'),
(41, 13, 3, 'Vitae exercitationem temporibus dolores pariatur aut.', '2018-09-29 17:49:34', '2018-09-29 17:49:34'),
(42, 87, 3, 'Aut consectetur et hic ut natus asperiores.', '2018-10-09 18:12:55', '2018-10-09 18:12:55'),
(43, 93, 10, 'Sint ipsum saepe sapiente dolore quia ut.', '2018-09-27 13:57:34', '2018-09-27 13:57:34'),
(44, 98, 10, 'Aut temporibus et quibusdam placeat amet quae fugiat veniam.', '2018-10-06 23:07:06', '2018-10-06 23:07:06'),
(45, 87, 1, 'Sit ut repudiandae magnam est ut modi.', '2018-10-17 23:15:48', '2018-10-17 23:15:48'),
(46, 66, 4, 'Amet repellat corporis cum natus eum.', '2018-10-12 14:49:43', '2018-10-12 14:49:43'),
(47, 42, 4, 'Earum cumque iure et qui aut.', '2018-09-24 23:08:22', '2018-09-24 23:08:22'),
(48, 88, 8, 'Labore aperiam asperiores veritatis debitis quaerat animi eum.', '2018-10-19 15:49:48', '2018-10-19 15:49:48'),
(49, 33, 10, 'Earum reprehenderit accusamus quibusdam dicta consectetur.', '2018-10-02 20:30:03', '2018-10-02 20:30:03'),
(50, 96, 3, 'Error corporis itaque ad ea.', '2018-10-02 08:31:47', '2018-10-02 08:31:47'),
(51, 84, 7, 'Vitae vitae magnam ut pariatur et dicta beatae.', '2018-10-19 14:14:33', '2018-10-19 14:14:33'),
(52, 6, 6, 'Aut cupiditate dolorum nesciunt amet ullam.', '2018-10-20 13:01:04', '2018-10-20 13:01:04'),
(53, 18, 9, 'Assumenda consectetur at voluptatibus rem qui ducimus hic.', '2018-10-17 06:06:06', '2018-10-17 06:06:06'),
(54, 43, 4, 'Et et similique facere dicta eos est et.', '2018-10-10 08:39:56', '2018-10-10 08:39:56'),
(55, 27, 1, 'Et possimus et consequatur molestias animi enim ad.', '2018-10-09 02:47:32', '2018-10-09 02:47:32'),
(56, 45, 6, 'Praesentium qui ipsa esse illo.', '2018-10-21 19:20:09', '2018-10-21 19:20:09'),
(57, 54, 3, 'Porro non reprehenderit voluptatibus dolores eius.', '2018-10-16 13:57:05', '2018-10-16 13:57:05'),
(58, 64, 4, 'Eos sint aspernatur magni sit eaque veniam repudiandae enim.', '2018-09-26 04:35:49', '2018-09-26 04:35:49'),
(59, 12, 2, 'Distinctio dolor unde aliquam totam assumenda ullam omnis.', '2018-09-25 01:11:05', '2018-09-25 01:11:05'),
(60, 14, 8, 'Est voluptate et debitis amet.', '2018-10-16 00:08:33', '2018-10-16 00:08:33'),
(61, 20, 6, 'Laudantium tenetur id omnis illo ratione ut.', '2018-10-10 11:54:56', '2018-10-10 11:54:56'),
(62, 54, 9, 'In omnis aut natus et quis recusandae.', '2018-10-08 01:51:03', '2018-10-08 01:51:03'),
(63, 89, 8, 'Eum incidunt neque perferendis et iste.', '2018-10-18 20:58:57', '2018-10-18 20:58:57'),
(64, 29, 2, 'Voluptas incidunt iste hic aspernatur sint suscipit ducimus.', '2018-10-13 17:56:27', '2018-10-13 17:56:27'),
(65, 26, 6, 'Libero minima commodi est ullam.', '2018-10-22 05:34:18', '2018-10-22 05:34:18'),
(66, 3, 1, 'Eaque animi illo sequi ut.', '2018-10-03 10:05:43', '2018-10-03 10:05:43'),
(67, 71, 9, 'Sit autem fugiat neque id voluptatem praesentium.', '2018-10-19 17:54:57', '2018-10-19 17:54:57'),
(68, 25, 5, 'Perspiciatis laboriosam et voluptas doloribus veritatis maxime est.', '2018-10-06 11:53:36', '2018-10-06 11:53:36'),
(69, 64, 2, 'Omnis ducimus eum laborum.', '2018-09-24 07:14:52', '2018-09-24 07:14:52'),
(70, 33, 1, 'Incidunt unde molestias vel voluptates cum atque.', '2018-10-05 11:48:29', '2018-10-05 11:48:29'),
(71, 49, 4, 'Recusandae harum architecto rem dolorem.', '2018-10-07 18:17:53', '2018-10-07 18:17:53'),
(72, 27, 8, 'Ab libero sed consequatur doloribus quia animi quasi.', '2018-10-03 21:25:16', '2018-10-03 21:25:16'),
(73, 32, 1, 'Voluptatem molestiae quibusdam et.', '2018-10-21 17:03:28', '2018-10-21 17:03:28'),
(74, 54, 9, 'Et quidem nihil voluptas et voluptatem repellendus.', '2018-09-25 11:22:36', '2018-09-25 11:22:36'),
(75, 1, 6, 'Reiciendis hic rerum est culpa.', '2018-10-03 23:55:01', '2018-10-03 23:55:01'),
(76, 49, 9, 'Ullam nulla error deserunt aut ea libero.', '2018-10-19 15:52:40', '2018-10-19 15:52:40'),
(77, 49, 7, 'Quo dolorem at quae voluptatibus corrupti adipisci.', '2018-10-10 19:08:52', '2018-10-10 19:08:52'),
(78, 5, 9, 'Voluptas dolorem rem cumque atque consectetur in.', '2018-10-17 02:47:56', '2018-10-17 02:47:56'),
(79, 45, 8, 'Et similique eum est nostrum enim ea explicabo.', '2018-10-12 09:08:30', '2018-10-12 09:08:30'),
(80, 73, 6, 'Dicta accusamus id itaque sed vel quo velit.', '2018-10-17 16:41:32', '2018-10-17 16:41:32'),
(81, 2, 8, 'Atque et labore ut.', '2018-10-10 21:25:31', '2018-10-10 21:25:31'),
(82, 66, 7, 'Sunt rerum facilis voluptatem.', '2018-10-17 10:28:04', '2018-10-17 10:28:04'),
(83, 95, 5, 'Dignissimos optio ad iusto mollitia.', '2018-10-14 02:07:34', '2018-10-14 02:07:34'),
(84, 68, 3, 'Similique magni ratione sunt asperiores vero.', '2018-10-13 05:06:27', '2018-10-13 05:06:27'),
(85, 65, 6, 'Nihil ducimus aperiam qui illo.', '2018-09-29 16:21:54', '2018-09-29 16:21:54'),
(86, 4, 7, 'Officiis fuga vitae quia dolor inventore possimus nesciunt.', '2018-10-18 23:59:22', '2018-10-18 23:59:22'),
(87, 83, 7, 'Ab molestiae illo iusto veritatis magnam.', '2018-09-29 04:09:25', '2018-09-29 04:09:25'),
(88, 1, 8, 'Eum temporibus dolor vitae voluptatem.', '2018-10-12 01:16:10', '2018-10-12 01:16:10'),
(89, 46, 4, 'Sapiente debitis earum aut autem nisi aut.', '2018-09-22 16:10:48', '2018-09-22 16:10:48'),
(90, 56, 7, 'Pariatur consectetur et dolor quibusdam nobis.', '2018-10-21 12:32:01', '2018-10-21 12:32:01'),
(91, 4, 2, 'A et quibusdam voluptatibus in.', '2018-10-19 02:01:05', '2018-10-19 02:01:05'),
(92, 19, 7, 'Reprehenderit voluptatum ad eligendi facere ratione et.', '2018-10-08 01:48:49', '2018-10-08 01:48:49'),
(93, 6, 3, 'Facilis et et nisi nesciunt earum doloribus.', '2018-09-29 17:46:42', '2018-09-29 17:46:42'),
(94, 50, 3, 'Voluptatem animi eum debitis quis perferendis.', '2018-09-22 13:06:00', '2018-09-22 13:06:00'),
(95, 55, 5, 'Hic exercitationem libero odio maxime voluptatem consequatur molestiae.', '2018-10-09 23:57:54', '2018-10-09 23:57:54'),
(96, 88, 2, 'Nihil recusandae facere dolorem totam distinctio praesentium.', '2018-10-05 08:03:26', '2018-10-05 08:03:26'),
(97, 60, 1, 'Provident ex iure ullam voluptas ut dolor eos dolorem.', '2018-10-19 03:40:22', '2018-10-19 03:40:22'),
(98, 68, 3, 'Iure possimus et adipisci vel accusamus ea.', '2018-09-29 03:32:54', '2018-09-29 03:32:54'),
(99, 69, 3, 'Occaecati adipisci accusantium laborum quidem unde esse voluptates.', '2018-10-16 13:57:48', '2018-10-16 13:57:48'),
(100, 13, 7, 'Repellat voluptatem et officiis aut quo accusantium.', '2018-10-07 09:00:41', '2018-10-07 09:00:41'),
(101, 29, 10, 'Eligendi aliquid est pariatur dolor odio alias eligendi.', '2018-10-12 01:44:01', '2018-10-12 01:44:01'),
(102, 22, 9, 'Iste dolorem odio et eius nulla quia quis.', '2018-09-28 22:49:49', '2018-09-28 22:49:49'),
(103, 34, 8, 'Dolore corrupti accusantium eligendi distinctio.', '2018-10-08 10:26:47', '2018-10-08 10:26:47'),
(104, 47, 8, 'A error eaque sed veniam sunt eveniet est.', '2018-09-30 12:55:33', '2018-09-30 12:55:33'),
(105, 12, 6, 'Praesentium id corporis vel.', '2018-10-19 15:26:43', '2018-10-19 15:26:43'),
(106, 96, 1, 'Suscipit aperiam tempora tenetur facere voluptatibus rerum vitae.', '2018-09-22 21:21:26', '2018-09-22 21:21:26'),
(107, 21, 4, 'Et harum quae quos repellat.', '2018-09-22 18:22:51', '2018-09-22 18:22:51'),
(108, 25, 9, 'Quasi animi quia eum enim ducimus.', '2018-10-15 10:49:57', '2018-10-15 10:49:57'),
(109, 58, 7, 'Sunt est itaque quos quos et.', '2018-09-29 21:52:46', '2018-09-29 21:52:46'),
(110, 33, 7, 'Nobis deserunt incidunt enim explicabo soluta corporis.', '2018-10-22 02:33:30', '2018-10-22 02:33:30'),
(111, 7, 9, 'Tempora sed quae aut dolorum dolore facere rem.', '2018-10-04 19:28:57', '2018-10-04 19:28:57'),
(112, 92, 7, 'Dignissimos et atque dolorum consequatur ut dolor aliquam.', '2018-09-26 12:08:29', '2018-09-26 12:08:29'),
(113, 88, 4, 'Qui quia accusamus vel dolor.', '2018-10-10 10:29:19', '2018-10-10 10:29:19'),
(114, 24, 4, 'Possimus pariatur impedit aut ducimus voluptate et.', '2018-10-12 14:25:25', '2018-10-12 14:25:25'),
(115, 61, 10, 'Magni rerum non ducimus.', '2018-10-20 16:58:14', '2018-10-20 16:58:14'),
(116, 66, 1, 'Suscipit harum dolorum iure cupiditate in totam totam vero.', '2018-10-20 09:19:20', '2018-10-20 09:19:20'),
(117, 31, 1, 'Sed aut nemo dolorem repellendus qui sed id voluptatum.', '2018-10-17 17:04:30', '2018-10-17 17:04:30'),
(118, 31, 9, 'Eos asperiores amet voluptatem.', '2018-10-14 06:20:05', '2018-10-14 06:20:05'),
(119, 12, 7, 'Voluptas ut suscipit nihil alias.', '2018-09-23 22:28:13', '2018-09-23 22:28:13'),
(120, 30, 4, 'In eaque fugiat unde beatae quis vel laborum maiores.', '2018-10-06 15:01:45', '2018-10-06 15:01:45'),
(121, 10, 2, 'Perferendis sit voluptatem vitae labore et.', '2018-10-15 20:02:21', '2018-10-15 20:02:21'),
(122, 76, 6, 'Ullam harum quam mollitia.', '2018-10-09 21:54:45', '2018-10-09 21:54:45'),
(123, 21, 8, 'Ipsum nostrum quo repudiandae.', '2018-10-10 12:40:27', '2018-10-10 12:40:27'),
(124, 82, 8, 'Unde vel labore velit.', '2018-10-16 17:40:22', '2018-10-16 17:40:22'),
(125, 19, 10, 'Doloremque neque necessitatibus hic necessitatibus.', '2018-10-16 11:58:53', '2018-10-16 11:58:53'),
(126, 92, 6, 'Eveniet qui voluptatem nihil accusamus perferendis.', '2018-09-25 13:09:04', '2018-09-25 13:09:04'),
(127, 12, 1, 'Blanditiis laboriosam qui officia et deleniti aut.', '2018-10-22 01:49:04', '2018-10-22 01:49:04'),
(128, 17, 6, 'Veritatis dignissimos rerum dolorum fugiat temporibus minima pariatur.', '2018-10-05 00:13:38', '2018-10-05 00:13:38'),
(129, 72, 5, 'Aut et sequi unde id est omnis et.', '2018-09-23 11:09:47', '2018-09-23 11:09:47'),
(130, 60, 2, 'Quidem veniam id adipisci dicta.', '2018-10-04 06:56:15', '2018-10-04 06:56:15'),
(131, 67, 1, 'Ratione esse adipisci id non natus aspernatur et.', '2018-10-10 09:10:55', '2018-10-10 09:10:55'),
(132, 23, 5, 'Et sit sapiente fugit dolor harum impedit.', '2018-10-20 09:00:42', '2018-10-20 09:00:42'),
(133, 6, 1, 'Commodi id accusantium et dolorem libero voluptatem omnis veritatis.', '2018-10-09 03:27:36', '2018-10-09 03:27:36'),
(134, 77, 3, 'Repellat nemo qui quaerat doloremque.', '2018-10-14 22:07:18', '2018-10-14 22:07:18'),
(135, 83, 4, 'Et nihil est temporibus sed.', '2018-10-21 12:39:42', '2018-10-21 12:39:42'),
(136, 63, 7, 'Repellendus eos qui quasi rem qui veritatis et.', '2018-10-15 07:41:05', '2018-10-15 07:41:05'),
(137, 25, 1, 'Quia quis aut assumenda commodi sit rem.', '2018-10-11 13:20:16', '2018-10-11 13:20:16'),
(138, 39, 10, 'Doloribus iste quae aut ut sit totam vel quos.', '2018-10-20 04:49:22', '2018-10-20 04:49:22'),
(139, 5, 3, 'Iste ut quo enim ea ipsam expedita.', '2018-09-30 08:37:56', '2018-09-30 08:37:56'),
(140, 17, 7, 'Minima odit quam necessitatibus doloribus totam totam aut exercitationem.', '2018-09-27 11:15:27', '2018-09-27 11:15:27'),
(141, 57, 1, 'Magnam iusto et quos qui suscipit ea non.', '2018-10-11 13:38:05', '2018-10-11 13:38:05'),
(142, 85, 6, 'Perferendis cum quam suscipit est atque sed velit.', '2018-10-02 09:04:47', '2018-10-02 09:04:47'),
(143, 71, 10, 'Modi quas non quis ducimus.', '2018-10-16 15:42:20', '2018-10-16 15:42:20'),
(144, 64, 10, 'Veniam est illo libero sed sint sunt sapiente.', '2018-10-11 12:16:38', '2018-10-11 12:16:38'),
(145, 22, 3, 'Nesciunt sed et aut quis unde laborum est.', '2018-09-30 23:14:29', '2018-09-30 23:14:29'),
(146, 17, 10, 'Cum quis laborum eaque aut magni consectetur.', '2018-10-11 21:43:03', '2018-10-11 21:43:03'),
(147, 74, 8, 'Et quos ut aut adipisci quia impedit ipsa.', '2018-09-28 00:32:49', '2018-09-28 00:32:49'),
(148, 35, 4, 'Corrupti nam aperiam et velit atque aliquam.', '2018-09-30 15:18:14', '2018-09-30 15:18:14'),
(149, 30, 3, 'Aut ratione in cumque laboriosam.', '2018-10-06 02:18:05', '2018-10-06 02:18:05'),
(150, 2, 8, 'Velit aliquam voluptatem ab facilis repudiandae.', '2018-10-16 02:54:52', '2018-10-16 02:54:52'),
(151, 66, 5, 'Quod dolores vero assumenda laboriosam.', '2018-09-23 19:24:01', '2018-09-23 19:24:01'),
(152, 47, 2, 'Qui consequatur consequatur laboriosam et quia iure explicabo.', '2018-09-30 13:42:15', '2018-09-30 13:42:15'),
(153, 79, 10, 'Aut tempore molestiae dolore quidem sed qui.', '2018-10-20 16:14:07', '2018-10-20 16:14:07'),
(154, 81, 9, 'Voluptates ut voluptatem quaerat eum reprehenderit eligendi excepturi.', '2018-10-09 14:30:07', '2018-10-09 14:30:07'),
(155, 27, 4, 'Voluptate sit quis praesentium.', '2018-10-20 02:33:13', '2018-10-20 02:33:13'),
(156, 8, 3, 'Necessitatibus dolorem non soluta exercitationem facilis ducimus ea.', '2018-09-24 11:33:30', '2018-09-24 11:33:30'),
(157, 90, 9, 'Placeat omnis aut minima doloremque vel autem animi.', '2018-10-10 06:32:00', '2018-10-10 06:32:00'),
(158, 28, 8, 'Magnam optio laborum natus atque qui magni.', '2018-09-23 01:07:12', '2018-09-23 01:07:12'),
(159, 85, 7, 'Rerum ipsum nam totam enim.', '2018-10-20 10:38:02', '2018-10-20 10:38:02'),
(160, 19, 8, 'Pariatur ex sit magni perspiciatis omnis.', '2018-10-01 09:05:52', '2018-10-01 09:05:52'),
(161, 7, 8, 'Accusamus ducimus qui ut repudiandae beatae voluptatem.', '2018-10-12 05:15:21', '2018-10-12 05:15:21'),
(162, 42, 10, 'Molestiae rerum consectetur vel quo et assumenda.', '2018-10-14 13:59:50', '2018-10-14 13:59:50'),
(163, 20, 10, 'Odit et alias odit nulla.', '2018-09-27 11:40:14', '2018-09-27 11:40:14'),
(164, 45, 7, 'Consequatur eos corrupti ut et quia sunt.', '2018-10-20 18:21:07', '2018-10-20 18:21:07'),
(165, 80, 4, 'Incidunt exercitationem sit et in.', '2018-10-10 10:16:22', '2018-10-10 10:16:22'),
(166, 28, 9, 'Voluptatibus ab unde vel omnis in ad.', '2018-10-08 15:54:53', '2018-10-08 15:54:53'),
(167, 44, 2, 'Mollitia ex hic omnis.', '2018-10-02 06:06:16', '2018-10-02 06:06:16'),
(168, 75, 2, 'Cum possimus accusamus reprehenderit ad quam praesentium ipsam.', '2018-10-17 06:11:07', '2018-10-17 06:11:07'),
(169, 94, 9, 'Alias accusamus odit dolor commodi.', '2018-09-29 14:30:39', '2018-09-29 14:30:39'),
(170, 34, 6, 'Odio culpa ut iusto.', '2018-09-25 08:57:42', '2018-09-25 08:57:42'),
(171, 54, 7, 'Aliquam occaecati dolorum dolores quam dicta dolorem non.', '2018-10-20 20:29:12', '2018-10-20 20:29:12'),
(172, 64, 3, 'Nam ex omnis dolor.', '2018-10-15 23:46:49', '2018-10-15 23:46:49'),
(173, 67, 8, 'Et expedita et eum hic doloribus.', '2018-10-21 15:37:25', '2018-10-21 15:37:25'),
(174, 9, 4, 'Perferendis repellat iure consequatur cupiditate eos qui.', '2018-10-16 06:56:08', '2018-10-16 06:56:08'),
(175, 69, 8, 'Aperiam quas maiores deserunt eos sed expedita.', '2018-09-23 14:30:29', '2018-09-23 14:30:29'),
(176, 96, 2, 'Non laborum ad et voluptates.', '2018-10-02 23:25:33', '2018-10-02 23:25:33'),
(177, 19, 4, 'Est non odit et nemo.', '2018-10-16 07:09:33', '2018-10-16 07:09:33'),
(178, 43, 7, 'Eum ab vel quo quia.', '2018-09-23 10:50:28', '2018-09-23 10:50:28'),
(179, 67, 9, 'Repellat ut atque ut eos velit delectus facilis.', '2018-10-11 02:13:34', '2018-10-11 02:13:34'),
(180, 90, 9, 'Facilis voluptatum minima adipisci.', '2018-10-16 10:46:04', '2018-10-16 10:46:04'),
(181, 96, 7, 'Saepe voluptatum quas aut ut necessitatibus et.', '2018-10-14 20:11:50', '2018-10-14 20:11:50'),
(182, 94, 1, 'Accusantium modi aut quos nulla maxime.', '2018-09-27 13:13:46', '2018-09-27 13:13:46'),
(183, 63, 1, 'Ut minus et nobis quas alias.', '2018-10-07 09:43:25', '2018-10-07 09:43:25'),
(184, 65, 6, 'Sit aperiam ipsa voluptatem aut sit id.', '2018-09-26 02:33:00', '2018-09-26 02:33:00'),
(185, 94, 6, 'Corrupti quia officia minus assumenda.', '2018-10-20 00:22:42', '2018-10-20 00:22:42'),
(186, 49, 1, 'Officia voluptas qui ut soluta vero omnis.', '2018-09-27 13:49:11', '2018-09-27 13:49:11'),
(187, 73, 8, 'Id voluptatem et eum aspernatur tempora nihil dolores.', '2018-09-23 00:56:56', '2018-09-23 00:56:56'),
(188, 67, 9, 'Ad tenetur enim repudiandae qui corporis reiciendis.', '2018-10-04 22:16:05', '2018-10-04 22:16:05'),
(189, 35, 6, 'Molestias officia enim rerum autem.', '2018-10-13 19:57:01', '2018-10-13 19:57:01'),
(190, 50, 5, 'A non quam facere.', '2018-10-11 08:39:39', '2018-10-11 08:39:39'),
(191, 18, 5, 'Excepturi molestias velit ad autem.', '2018-10-22 02:41:30', '2018-10-22 02:41:30'),
(192, 91, 8, 'Cupiditate reprehenderit hic eos explicabo doloribus est et.', '2018-10-05 13:12:16', '2018-10-05 13:12:16'),
(193, 51, 1, 'Alias dolor ut vitae qui.', '2018-10-17 05:58:17', '2018-10-17 05:58:17'),
(194, 75, 2, 'Voluptate consequuntur hic a minus culpa et.', '2018-10-20 09:36:11', '2018-10-20 09:36:11'),
(195, 33, 2, 'Voluptatem est et aut enim porro.', '2018-09-22 18:42:22', '2018-09-22 18:42:22'),
(196, 87, 8, 'Fugit expedita aut voluptatem labore voluptate ratione.', '2018-10-02 23:04:58', '2018-10-02 23:04:58'),
(197, 68, 3, 'Minus suscipit vel tenetur voluptate enim aut a error.', '2018-10-19 01:05:36', '2018-10-19 01:05:36'),
(198, 6, 1, 'Aspernatur aut et sed.', '2018-10-21 07:51:51', '2018-10-21 07:51:51'),
(199, 3, 5, 'Sint laudantium recusandae qui aliquid omnis qui.', '2018-10-13 18:37:46', '2018-10-13 18:37:46'),
(200, 84, 2, 'Ut est soluta quia.', '2018-09-23 19:46:19', '2018-09-23 19:46:19'),
(201, 70, 1, 'Quia non velit omnis ipsa ut minus enim dicta.', '2018-09-29 11:43:34', '2018-09-29 11:43:34'),
(202, 89, 6, 'Aut impedit numquam quia quia dolore.', '2018-10-02 22:43:03', '2018-10-02 22:43:03'),
(203, 7, 10, 'Dolor eos nesciunt maxime nulla quisquam.', '2018-10-10 19:22:13', '2018-10-10 19:22:13'),
(204, 66, 1, 'Labore voluptatem doloremque ut pariatur nisi delectus aut.', '2018-10-17 14:09:52', '2018-10-17 14:09:52'),
(205, 9, 3, 'Aperiam iure officiis quae hic perferendis aut distinctio.', '2018-10-18 00:20:53', '2018-10-18 00:20:53'),
(206, 73, 7, 'Sit adipisci et reiciendis praesentium.', '2018-10-16 22:43:35', '2018-10-16 22:43:35'),
(207, 63, 9, 'Eum provident rerum error esse.', '2018-09-24 05:43:41', '2018-09-24 05:43:41'),
(208, 64, 1, 'Expedita delectus excepturi inventore ea.', '2018-10-03 02:56:15', '2018-10-03 02:56:15'),
(209, 69, 7, 'Quod et illum facere molestiae ut.', '2018-10-14 19:03:05', '2018-10-14 19:03:05'),
(210, 44, 2, 'Consequatur ut a sint.', '2018-10-09 17:44:42', '2018-10-09 17:44:42'),
(211, 5, 3, 'Voluptatem asperiores distinctio iure fuga saepe sed asperiores.', '2018-10-12 19:00:18', '2018-10-12 19:00:18'),
(212, 56, 8, 'Consequatur incidunt eligendi expedita beatae.', '2018-10-14 10:10:51', '2018-10-14 10:10:51'),
(213, 2, 8, 'Omnis rerum sit vel deserunt qui voluptas nemo tenetur.', '2018-10-08 20:03:25', '2018-10-08 20:03:25'),
(214, 2, 3, 'Voluptatem ut quia quaerat accusantium vel.', '2018-10-18 05:01:35', '2018-10-18 05:01:35'),
(215, 10, 6, 'Et et sit dolor eveniet.', '2018-10-05 06:51:27', '2018-10-05 06:51:27'),
(216, 7, 5, 'Aut ut sit iusto aliquam.', '2018-10-03 10:25:45', '2018-10-03 10:25:45'),
(217, 45, 8, 'Aspernatur aut nisi provident consequuntur alias nihil aut.', '2018-10-20 11:46:10', '2018-10-20 11:46:10'),
(218, 73, 9, 'Ab quibusdam consectetur molestiae praesentium.', '2018-10-19 01:23:38', '2018-10-19 01:23:38'),
(219, 66, 6, 'Eos est architecto ipsa dolores corporis quia.', '2018-10-04 09:20:27', '2018-10-04 09:20:27'),
(220, 17, 2, 'Saepe sint aut cupiditate voluptas.', '2018-10-18 14:59:25', '2018-10-18 14:59:25'),
(221, 46, 4, 'Eligendi eos sunt et commodi nihil aut voluptate.', '2018-09-30 13:35:17', '2018-09-30 13:35:17'),
(222, 28, 5, 'Consequatur voluptatem distinctio vel quisquam vitae.', '2018-09-30 06:39:37', '2018-09-30 06:39:37'),
(223, 16, 2, 'Porro laboriosam enim quasi.', '2018-10-04 16:22:15', '2018-10-04 16:22:15'),
(224, 17, 7, 'Et possimus incidunt doloribus velit vero.', '2018-10-13 15:04:00', '2018-10-13 15:04:00'),
(225, 79, 8, 'Numquam expedita sed voluptatem autem odit in ut.', '2018-10-08 20:27:02', '2018-10-08 20:27:02'),
(226, 100, 1, 'Eius in tempora rerum quo illo nihil qui.', '2018-09-28 12:31:26', '2018-09-28 12:31:26'),
(227, 16, 9, 'Et qui et non voluptas.', '2018-09-29 19:43:25', '2018-09-29 19:43:25'),
(228, 64, 8, 'Neque aperiam error repellat dignissimos.', '2018-09-23 06:25:19', '2018-09-23 06:25:19'),
(229, 17, 7, 'Vitae quam et possimus suscipit quisquam laborum.', '2018-09-24 09:10:04', '2018-09-24 09:10:04'),
(230, 96, 10, 'Ullam harum suscipit vel tempora tenetur.', '2018-10-12 16:00:26', '2018-10-12 16:00:26'),
(231, 16, 9, 'Laudantium necessitatibus tempore voluptatem.', '2018-10-21 13:49:59', '2018-10-21 13:49:59'),
(232, 60, 3, 'Non eos perferendis sit cumque magnam.', '2018-10-01 19:07:55', '2018-10-01 19:07:55'),
(233, 29, 2, 'Dolorum qui fugiat mollitia ipsam qui.', '2018-10-04 05:45:03', '2018-10-04 05:45:03'),
(234, 90, 2, 'Est quisquam omnis non a qui incidunt.', '2018-10-21 06:25:41', '2018-10-21 06:25:41'),
(235, 92, 3, 'Ratione nobis dolorem nemo itaque.', '2018-09-22 18:26:04', '2018-09-22 18:26:04'),
(236, 98, 2, 'Expedita et cum est harum nesciunt.', '2018-10-06 23:02:09', '2018-10-06 23:02:09'),
(237, 83, 2, 'Culpa minus ipsam et voluptas perferendis eius.', '2018-10-09 01:40:31', '2018-10-09 01:40:31'),
(238, 95, 7, 'Laboriosam libero quam dolores illo excepturi voluptate reiciendis cum.', '2018-10-03 04:43:59', '2018-10-03 04:43:59'),
(239, 100, 6, 'Iste et vel esse magnam.', '2018-10-01 08:42:48', '2018-10-01 08:42:48'),
(240, 12, 9, 'Repudiandae vero fugiat commodi atque animi.', '2018-09-29 17:48:39', '2018-09-29 17:48:39'),
(241, 30, 10, 'Vero accusamus sed qui fugiat.', '2018-10-13 10:41:03', '2018-10-13 10:41:03'),
(242, 68, 7, 'Eos adipisci sint repellat odio temporibus.', '2018-10-22 07:24:39', '2018-10-22 07:24:39'),
(243, 27, 1, 'Ipsam qui distinctio incidunt quod et ut beatae officiis.', '2018-10-07 04:36:16', '2018-10-07 04:36:16'),
(244, 86, 1, 'Ut et sit ipsam illo fugiat sunt.', '2018-09-30 21:52:05', '2018-09-30 21:52:05'),
(245, 90, 1, 'Voluptatem cumque ea suscipit.', '2018-10-17 03:42:25', '2018-10-17 03:42:25'),
(246, 4, 7, 'Veniam ut doloribus officiis consequatur.', '2018-10-08 12:26:55', '2018-10-08 12:26:55'),
(247, 58, 2, 'Nesciunt et qui beatae et repudiandae cum voluptas.', '2018-09-25 15:57:50', '2018-09-25 15:57:50'),
(248, 51, 4, 'Dolorem voluptatem minima accusamus voluptatem suscipit et.', '2018-10-02 00:32:05', '2018-10-02 00:32:05'),
(249, 82, 9, 'Dignissimos aut accusantium adipisci accusamus repellendus qui id repellendus.', '2018-10-19 01:58:00', '2018-10-19 01:58:00'),
(250, 1, 1, 'Voluptas officiis porro placeat ex.', '2018-10-15 11:40:50', '2018-10-15 11:40:50'),
(251, 19, 5, 'Fuga numquam quisquam omnis.', '2018-10-17 21:42:53', '2018-10-17 21:42:53'),
(252, 63, 2, 'Rem ducimus quaerat amet blanditiis.', '2018-09-29 16:12:30', '2018-09-29 16:12:30'),
(253, 74, 9, 'Sequi quos natus natus aut autem voluptatem doloremque.', '2018-10-10 15:06:13', '2018-10-10 15:06:13'),
(254, 72, 8, 'Modi ullam distinctio tempora quia nihil neque quae deleniti.', '2018-10-05 20:44:44', '2018-10-05 20:44:44'),
(255, 28, 9, 'Itaque quasi soluta velit nisi deserunt quidem qui.', '2018-10-15 08:19:59', '2018-10-15 08:19:59'),
(256, 32, 9, 'Magnam adipisci voluptatem nisi voluptas sapiente qui.', '2018-09-29 22:12:10', '2018-09-29 22:12:10'),
(257, 81, 9, 'Facere quae optio quibusdam illo delectus.', '2018-09-27 11:38:23', '2018-09-27 11:38:23'),
(258, 2, 7, 'Incidunt sequi enim voluptas atque alias.', '2018-10-03 15:34:05', '2018-10-03 15:34:05'),
(259, 30, 7, 'Sunt temporibus in necessitatibus quis est.', '2018-09-27 06:31:05', '2018-09-27 06:31:05'),
(260, 1, 3, 'Aut doloremque perferendis omnis exercitationem.', '2018-10-11 20:31:02', '2018-10-11 20:31:02'),
(261, 13, 6, 'Quae assumenda ut quasi sunt et hic.', '2018-10-08 03:41:29', '2018-10-08 03:41:29'),
(262, 14, 3, 'Animi molestiae odio consequatur ad quia.', '2018-10-12 07:57:54', '2018-10-12 07:57:54'),
(263, 3, 6, 'Eos quae aut nostrum ut tempora.', '2018-09-30 07:54:37', '2018-09-30 07:54:37'),
(264, 93, 6, 'Aut dolores dicta esse et ullam.', '2018-10-02 08:45:39', '2018-10-02 08:45:39'),
(265, 94, 2, 'Laudantium necessitatibus dolores exercitationem voluptatibus.', '2018-10-17 21:41:20', '2018-10-17 21:41:20'),
(266, 84, 4, 'Magni amet placeat nam sit.', '2018-10-04 05:18:03', '2018-10-04 05:18:03'),
(267, 15, 4, 'Voluptates ea vel aut laudantium quas ratione magni aut.', '2018-09-24 20:06:35', '2018-09-24 20:06:35'),
(268, 14, 6, 'Quis eum dolores quis non tempore sint.', '2018-10-07 14:26:33', '2018-10-07 14:26:33'),
(269, 67, 4, 'Et nihil voluptatem rem nostrum.', '2018-09-22 15:50:03', '2018-09-22 15:50:03'),
(270, 11, 3, 'Veniam iste voluptas ut error consectetur repellat autem.', '2018-10-04 08:21:19', '2018-10-04 08:21:19'),
(271, 51, 8, 'Corrupti tempora odit rem.', '2018-09-24 18:30:43', '2018-09-24 18:30:43'),
(272, 29, 3, 'Laborum vero suscipit minima occaecati.', '2018-09-23 04:44:45', '2018-09-23 04:44:45'),
(273, 56, 3, 'Eaque corrupti ex quasi.', '2018-10-20 05:14:46', '2018-10-20 05:14:46'),
(274, 9, 5, 'Ut perferendis amet ratione dolorem est omnis.', '2018-10-21 09:04:07', '2018-10-21 09:04:07'),
(275, 40, 2, 'Quis itaque libero natus quo quas dolores.', '2018-10-13 15:33:21', '2018-10-13 15:33:21'),
(276, 1, 2, 'Dolorum deleniti dolore quis aut ut laboriosam.', '2018-10-11 20:33:12', '2018-10-11 20:33:12'),
(277, 67, 1, 'Non voluptatem eum consequatur deleniti esse et veritatis.', '2018-10-09 08:50:01', '2018-10-09 08:50:01'),
(278, 97, 5, 'Animi sit et voluptatem et fugit quia ad.', '2018-10-05 01:34:59', '2018-10-05 01:34:59'),
(279, 68, 1, 'Possimus voluptatem omnis voluptatem animi ut dolor deleniti.', '2018-10-06 15:29:19', '2018-10-06 15:29:19'),
(280, 81, 5, 'Dolor libero quam sequi sit vel.', '2018-10-08 06:11:40', '2018-10-08 06:11:40'),
(281, 41, 5, 'Animi quaerat sapiente enim eum.', '2018-10-18 23:08:31', '2018-10-18 23:08:31'),
(282, 3, 3, 'Impedit impedit amet maxime voluptatem est deleniti ad error.', '2018-09-25 11:04:34', '2018-09-25 11:04:34'),
(283, 13, 10, 'Accusamus sint eum quidem saepe.', '2018-10-06 11:06:51', '2018-10-06 11:06:51'),
(284, 80, 5, 'Tempora aut soluta et.', '2018-10-06 05:11:00', '2018-10-06 05:11:00'),
(285, 48, 2, 'Delectus in voluptas quas sequi pariatur aut laboriosam doloribus.', '2018-10-18 13:10:50', '2018-10-18 13:10:50'),
(286, 97, 4, 'Recusandae rerum vero commodi non veritatis.', '2018-10-03 11:44:44', '2018-10-03 11:44:44'),
(287, 71, 6, 'Quo ut voluptatum ab perspiciatis maxime.', '2018-10-05 23:56:11', '2018-10-05 23:56:11'),
(288, 6, 3, 'Numquam sit hic debitis.', '2018-10-10 21:18:41', '2018-10-10 21:18:41'),
(289, 1, 10, 'Blanditiis repellendus non magni in minus nisi omnis.', '2018-10-02 08:43:47', '2018-10-02 08:43:47'),
(290, 39, 5, 'Consequatur laboriosam et ut et ea vel exercitationem fugiat.', '2018-10-17 16:03:35', '2018-10-17 16:03:35'),
(291, 23, 2, 'Est nesciunt similique voluptatem magni sit nam.', '2018-09-23 04:22:16', '2018-09-23 04:22:16'),
(292, 91, 8, 'Quidem cupiditate molestiae nostrum tenetur laboriosam rem.', '2018-10-06 12:35:49', '2018-10-06 12:35:49'),
(293, 95, 10, 'Adipisci perferendis dicta quisquam ea voluptatem autem.', '2018-10-03 03:09:27', '2018-10-03 03:09:27'),
(294, 36, 4, 'Maxime harum eum ipsum voluptatem a excepturi.', '2018-10-22 07:37:55', '2018-10-22 07:37:55'),
(295, 37, 9, 'Deserunt temporibus et quibusdam.', '2018-10-16 05:08:16', '2018-10-16 05:08:16'),
(296, 93, 8, 'Iure molestiae aut necessitatibus facilis iste hic.', '2018-10-13 09:16:29', '2018-10-13 09:16:29'),
(297, 99, 2, 'Qui odio omnis fuga enim aliquid.', '2018-09-26 21:18:28', '2018-09-26 21:18:28'),
(298, 41, 5, 'Consequatur incidunt quas modi repudiandae magnam iste fuga.', '2018-09-24 10:49:26', '2018-09-24 10:49:26'),
(299, 33, 7, 'Nulla accusamus veritatis optio nobis.', '2018-09-29 11:00:14', '2018-09-29 11:00:14'),
(300, 54, 4, 'Totam rem dolor distinctio id deleniti ea.', '2018-10-21 19:18:01', '2018-10-21 19:18:01'),
(301, 75, 4, 'Consequatur est est iste a aliquam.', '2018-10-08 07:27:31', '2018-10-08 07:27:31'),
(302, 45, 9, 'Qui molestiae reprehenderit voluptas eum totam.', '2018-10-03 19:37:02', '2018-10-03 19:37:02'),
(303, 9, 4, 'Est illo iste rerum nisi.', '2018-10-07 18:17:12', '2018-10-07 18:17:12'),
(304, 65, 8, 'Similique sint delectus rerum nemo.', '2018-10-01 13:01:07', '2018-10-01 13:01:07'),
(305, 16, 9, 'Nihil quas in ut ut ratione.', '2018-10-05 05:04:00', '2018-10-05 05:04:00'),
(306, 18, 4, 'Voluptatum dolor eaque quia qui ea aliquid architecto voluptatem.', '2018-09-23 02:01:27', '2018-09-23 02:01:27'),
(307, 65, 6, 'Ipsam ab nihil non laboriosam exercitationem.', '2018-09-25 03:20:31', '2018-09-25 03:20:31'),
(308, 50, 1, 'Autem nobis quo magni hic est laudantium itaque.', '2018-10-17 18:18:13', '2018-10-17 18:18:13'),
(309, 44, 3, 'Magnam nobis quae est id nostrum aspernatur.', '2018-09-27 14:23:54', '2018-09-27 14:23:54'),
(310, 17, 2, 'Laboriosam dignissimos ut suscipit suscipit voluptatibus.', '2018-10-14 03:34:20', '2018-10-14 03:34:20'),
(311, 25, 6, 'Quia laboriosam temporibus culpa explicabo nihil omnis nam cumque.', '2018-10-05 02:21:03', '2018-10-05 02:21:03'),
(312, 5, 6, 'Ex est nulla aut eaque molestiae eum velit.', '2018-09-25 16:02:07', '2018-09-25 16:02:07'),
(313, 3, 4, 'Ut qui enim velit molestias assumenda.', '2018-10-08 01:19:00', '2018-10-08 01:19:00'),
(314, 1, 7, 'Optio tenetur ullam aspernatur.', '2018-09-30 23:18:56', '2018-09-30 23:18:56'),
(315, 43, 2, 'Sed assumenda cupiditate qui dignissimos.', '2018-09-24 17:21:53', '2018-09-24 17:21:53'),
(316, 5, 7, 'Debitis ex quia earum quo dolores.', '2018-09-26 20:06:43', '2018-09-26 20:06:43'),
(317, 36, 7, 'Eaque qui et magni ut.', '2018-10-07 23:46:22', '2018-10-07 23:46:22'),
(318, 62, 10, 'Quis unde id voluptas.', '2018-09-29 21:25:25', '2018-09-29 21:25:25'),
(319, 74, 2, 'Est eius fuga impedit facere aliquam totam voluptatem.', '2018-10-09 04:32:30', '2018-10-09 04:32:30'),
(320, 2, 2, 'Ut ut perferendis corporis.', '2018-10-07 22:07:08', '2018-10-07 22:07:08'),
(321, 52, 8, 'Quis odio esse maxime praesentium facilis ut et.', '2018-10-05 16:10:31', '2018-10-05 16:10:31'),
(322, 11, 4, 'Molestiae odit voluptatem deleniti doloribus.', '2018-10-04 05:48:06', '2018-10-04 05:48:06'),
(323, 75, 7, 'Quae consequuntur est rerum omnis qui in.', '2018-09-28 10:18:24', '2018-09-28 10:18:24'),
(324, 90, 3, 'Distinctio odio voluptas velit id sed ea veniam.', '2018-10-11 00:22:31', '2018-10-11 00:22:31'),
(325, 75, 5, 'Odio et libero qui ratione.', '2018-10-13 21:17:00', '2018-10-13 21:17:00'),
(326, 87, 2, 'Non et sequi voluptatem quos.', '2018-09-24 08:30:09', '2018-09-24 08:30:09'),
(327, 53, 10, 'Qui eum velit nihil nam dicta ea veniam.', '2018-10-15 16:56:18', '2018-10-15 16:56:18'),
(328, 71, 8, 'Incidunt repellat qui provident animi.', '2018-09-23 13:45:42', '2018-09-23 13:45:42'),
(329, 13, 10, 'Dolorem qui eius consequatur excepturi vero accusantium quia.', '2018-10-21 13:53:47', '2018-10-21 13:53:47'),
(330, 48, 9, 'Unde dolorem quisquam molestiae architecto numquam et.', '2018-09-26 06:42:41', '2018-09-26 06:42:41'),
(331, 94, 5, 'Necessitatibus aut sint cum blanditiis.', '2018-09-30 08:14:53', '2018-09-30 08:14:53'),
(332, 63, 8, 'Ut sapiente eum omnis vitae eos consequatur et.', '2018-09-30 11:35:56', '2018-09-30 11:35:56'),
(333, 39, 9, 'Nostrum assumenda deserunt ex ea incidunt sint fuga.', '2018-10-08 21:55:32', '2018-10-08 21:55:32'),
(334, 50, 1, 'Assumenda quis qui voluptatum voluptatem vero.', '2018-10-06 05:09:12', '2018-10-06 05:09:12'),
(335, 30, 8, 'Molestias modi labore pariatur perferendis dicta.', '2018-10-14 10:43:37', '2018-10-14 10:43:37'),
(336, 100, 2, 'Magni fuga enim dolores nam est.', '2018-10-06 09:50:55', '2018-10-06 09:50:55'),
(337, 91, 3, 'Eaque natus voluptate enim earum.', '2018-10-10 09:55:01', '2018-10-10 09:55:01'),
(338, 34, 8, 'Possimus quisquam excepturi ipsam perferendis cumque facilis facilis.', '2018-10-17 20:40:13', '2018-10-17 20:40:13'),
(339, 55, 10, 'Placeat voluptas esse nihil porro blanditiis sed soluta consequatur.', '2018-10-07 08:17:00', '2018-10-07 08:17:00'),
(340, 32, 1, 'Molestiae perferendis modi voluptatem eaque vitae explicabo quia.', '2018-10-06 23:11:27', '2018-10-06 23:11:27'),
(341, 73, 7, 'Corrupti iusto aut molestias asperiores autem exercitationem.', '2018-10-21 13:25:16', '2018-10-21 13:25:16'),
(342, 21, 4, 'Id nesciunt voluptatem dolor exercitationem.', '2018-10-08 12:46:38', '2018-10-08 12:46:38'),
(343, 2, 5, 'Quia qui iure corporis sunt.', '2018-10-08 16:03:40', '2018-10-08 16:03:40'),
(344, 32, 1, 'Iste dolores temporibus dolores voluptatem similique incidunt.', '2018-10-08 12:05:20', '2018-10-08 12:05:20'),
(345, 52, 10, 'Omnis dolorum accusamus odio.', '2018-10-11 06:25:20', '2018-10-11 06:25:20'),
(346, 28, 5, 'Eius repudiandae dignissimos distinctio non.', '2018-10-05 16:27:00', '2018-10-05 16:27:00'),
(347, 72, 4, 'Voluptas maiores consequatur consequatur mollitia nostrum inventore neque.', '2018-10-07 14:12:22', '2018-10-07 14:12:22'),
(348, 5, 2, 'Quae minus suscipit laudantium.', '2018-09-25 23:29:53', '2018-09-25 23:29:53'),
(349, 43, 3, 'Eaque eaque quia velit numquam cupiditate optio.', '2018-09-29 14:36:16', '2018-09-29 14:36:16'),
(350, 24, 4, 'Omnis qui consequatur eos ex repudiandae ratione ab rerum.', '2018-09-27 00:43:39', '2018-09-27 00:43:39'),
(351, 100, 7, 'Facilis quo quia provident sint tempora ratione.', '2018-10-11 23:23:02', '2018-10-11 23:23:02'),
(352, 45, 5, 'Non corporis corporis voluptatibus.', '2018-10-13 00:49:54', '2018-10-13 00:49:54'),
(353, 84, 8, 'Libero illo quasi quia et dolores eligendi quia.', '2018-10-01 19:23:09', '2018-10-01 19:23:09'),
(354, 72, 4, 'Consequuntur iusto et sunt debitis labore.', '2018-09-24 12:42:24', '2018-09-24 12:42:24'),
(355, 53, 4, 'Modi explicabo qui suscipit molestiae accusantium accusamus.', '2018-10-01 22:34:24', '2018-10-01 22:34:24'),
(356, 89, 1, 'Ducimus reprehenderit similique inventore placeat.', '2018-10-20 12:46:18', '2018-10-20 12:46:18'),
(357, 65, 10, 'Numquam velit quia reiciendis doloremque optio recusandae.', '2018-10-06 12:44:55', '2018-10-06 12:44:55'),
(358, 20, 9, 'Quia laudantium totam quis vel sed debitis modi corporis.', '2018-09-24 11:02:54', '2018-09-24 11:02:54'),
(359, 34, 10, 'Veritatis et nihil dolores.', '2018-10-14 08:05:54', '2018-10-14 08:05:54'),
(360, 92, 1, 'Libero qui assumenda est possimus fugit quidem.', '2018-09-23 02:18:02', '2018-09-23 02:18:02'),
(361, 79, 10, 'Omnis nulla veritatis repudiandae a a ducimus excepturi.', '2018-09-29 10:44:18', '2018-09-29 10:44:18'),
(362, 48, 3, 'Sit ipsum totam animi illum nobis.', '2018-10-21 10:19:23', '2018-10-21 10:19:23'),
(363, 80, 3, 'Nostrum consectetur laboriosam repudiandae labore voluptatem.', '2018-10-17 19:59:35', '2018-10-17 19:59:35'),
(364, 27, 9, 'Sit fugiat provident debitis magnam aliquam.', '2018-09-27 08:43:57', '2018-09-27 08:43:57'),
(365, 56, 5, 'Ad iste quia expedita sed.', '2018-10-15 07:35:48', '2018-10-15 07:35:48'),
(366, 41, 10, 'Enim nulla sed voluptatum laboriosam.', '2018-10-02 21:12:49', '2018-10-02 21:12:49'),
(367, 30, 5, 'Et dolorem repellendus mollitia ab.', '2018-10-12 16:25:54', '2018-10-12 16:25:54'),
(368, 65, 4, 'Sed et iure vero error perferendis voluptates omnis.', '2018-10-20 15:09:08', '2018-10-20 15:09:08'),
(369, 74, 2, 'Aut illum et et inventore vitae et.', '2018-10-11 09:32:01', '2018-10-11 09:32:01'),
(370, 34, 7, 'Vel ea sint quam quasi.', '2018-10-20 18:55:59', '2018-10-20 18:55:59'),
(371, 85, 3, 'Et vitae dolorem id eius.', '2018-10-06 16:33:02', '2018-10-06 16:33:02'),
(372, 98, 6, 'Quia rerum est non repellendus nesciunt velit voluptas.', '2018-10-04 00:48:16', '2018-10-04 00:48:16'),
(373, 76, 2, 'Voluptas et voluptatum laudantium amet quas sit qui.', '2018-10-08 09:15:41', '2018-10-08 09:15:41'),
(374, 56, 10, 'Accusantium voluptate aperiam amet est eaque rerum.', '2018-10-04 12:34:43', '2018-10-04 12:34:43'),
(375, 8, 6, 'Repellat possimus voluptatibus mollitia qui.', '2018-10-04 19:27:59', '2018-10-04 19:27:59'),
(376, 22, 4, 'Doloribus est tenetur aperiam.', '2018-10-10 21:50:34', '2018-10-10 21:50:34'),
(377, 3, 6, 'Autem veniam voluptas ut autem nisi assumenda.', '2018-10-13 18:11:30', '2018-10-13 18:11:30'),
(378, 73, 6, 'Omnis est reiciendis error sapiente incidunt voluptates quo.', '2018-09-22 13:38:03', '2018-09-22 13:38:03'),
(379, 60, 4, 'Rerum ut suscipit corrupti numquam.', '2018-09-26 04:52:13', '2018-09-26 04:52:13'),
(380, 35, 9, 'Qui sunt fugit sit qui optio.', '2018-09-28 01:53:23', '2018-09-28 01:53:23'),
(381, 19, 6, 'Quia recusandae numquam culpa ab voluptatem qui maxime.', '2018-10-01 17:03:48', '2018-10-01 17:03:48'),
(382, 19, 3, 'Quis illo error rem rerum atque maiores ut.', '2018-10-07 00:59:46', '2018-10-07 00:59:46'),
(383, 93, 4, 'Consequatur fuga non neque beatae.', '2018-10-18 00:08:26', '2018-10-18 00:08:26'),
(384, 83, 8, 'Earum autem dolore autem et aut aliquam.', '2018-10-19 21:10:00', '2018-10-19 21:10:00'),
(385, 56, 9, 'Fugit assumenda dicta quidem suscipit quo.', '2018-09-24 10:43:34', '2018-09-24 10:43:34'),
(386, 87, 2, 'Quisquam optio quasi illum dignissimos alias.', '2018-10-10 04:45:49', '2018-10-10 04:45:49'),
(387, 17, 8, 'Qui est odit pariatur excepturi consectetur.', '2018-10-22 02:30:30', '2018-10-22 02:30:30'),
(388, 40, 2, 'Error nihil sed itaque sed.', '2018-09-28 11:10:02', '2018-09-28 11:10:02'),
(389, 57, 6, 'Magnam et cumque id magni est et.', '2018-10-16 20:53:48', '2018-10-16 20:53:48'),
(390, 23, 7, 'Ut nesciunt autem non omnis.', '2018-10-09 06:10:15', '2018-10-09 06:10:15'),
(391, 27, 5, 'Non beatae quam qui harum.', '2018-10-18 03:56:56', '2018-10-18 03:56:56'),
(392, 20, 6, 'Ea autem sed aliquam ad.', '2018-10-12 13:39:08', '2018-10-12 13:39:08'),
(393, 61, 10, 'Est aut rerum harum autem vitae.', '2018-10-15 03:05:09', '2018-10-15 03:05:09'),
(394, 77, 5, 'A distinctio possimus velit est quae.', '2018-10-19 06:29:28', '2018-10-19 06:29:28'),
(395, 82, 3, 'Fugit non hic sed consectetur.', '2018-09-26 04:21:51', '2018-09-26 04:21:51'),
(396, 36, 9, 'Blanditiis libero eum omnis consequatur perferendis explicabo accusamus voluptatem.', '2018-10-20 04:23:05', '2018-10-20 04:23:05'),
(397, 67, 10, 'Suscipit eligendi qui non sed ut ut.', '2018-10-09 05:16:32', '2018-10-09 05:16:32'),
(398, 47, 9, 'Neque dolore ut laboriosam eum.', '2018-10-07 09:53:17', '2018-10-07 09:53:17'),
(399, 65, 3, 'Minima pariatur magni qui sed.', '2018-09-23 00:14:02', '2018-09-23 00:14:02'),
(400, 39, 5, 'Est placeat voluptatem ut nisi numquam nam qui.', '2018-10-19 19:48:42', '2018-10-19 19:48:42'),
(401, 54, 2, 'Commodi vel rerum exercitationem ex ducimus.', '2018-10-20 03:32:27', '2018-10-20 03:32:27'),
(402, 30, 6, 'Eligendi dignissimos dolores qui perspiciatis.', '2018-10-14 06:49:31', '2018-10-14 06:49:31'),
(403, 60, 3, 'Laudantium est eligendi voluptatem in odio esse ab enim.', '2018-09-30 12:35:44', '2018-09-30 12:35:44'),
(404, 33, 1, 'Asperiores quidem voluptas non magni autem sed veniam commodi.', '2018-10-22 04:55:57', '2018-10-22 04:55:57'),
(405, 13, 3, 'Ab ut omnis et aut dolor doloremque ut.', '2018-09-25 06:22:34', '2018-09-25 06:22:34'),
(406, 18, 9, 'Alias asperiores est aspernatur alias quae.', '2018-09-30 04:49:32', '2018-09-30 04:49:32'),
(407, 73, 7, 'Nisi blanditiis quas non magni voluptatem reprehenderit illum.', '2018-09-24 04:07:55', '2018-09-24 04:07:55'),
(408, 85, 7, 'Nobis eos atque architecto.', '2018-09-28 10:24:36', '2018-09-28 10:24:36'),
(409, 56, 3, 'Quia eum sunt assumenda fuga possimus voluptatem tempora.', '2018-09-24 23:16:17', '2018-09-24 23:16:17'),
(410, 90, 6, 'Consequuntur in sit dolore non eaque error.', '2018-09-26 04:50:27', '2018-09-26 04:50:27'),
(411, 87, 6, 'Deleniti alias voluptas dolores omnis natus harum doloribus aut.', '2018-10-20 11:04:52', '2018-10-20 11:04:52'),
(412, 33, 8, 'Dolorem molestiae voluptatem est ad.', '2018-10-17 05:30:39', '2018-10-17 05:30:39'),
(413, 33, 7, 'Est et consequatur laborum sit.', '2018-10-09 02:21:45', '2018-10-09 02:21:45'),
(414, 41, 8, 'Quas itaque aperiam minus natus.', '2018-10-21 05:28:13', '2018-10-21 05:28:13'),
(415, 8, 8, 'Sit ut similique odio totam aut.', '2018-10-20 13:22:52', '2018-10-20 13:22:52'),
(416, 61, 4, 'Quos voluptatem inventore cum sint dolorem pariatur officiis.', '2018-10-19 12:00:07', '2018-10-19 12:00:07'),
(417, 82, 9, 'Ipsam laboriosam consequatur veritatis iste similique.', '2018-09-27 16:38:53', '2018-09-27 16:38:53'),
(418, 49, 8, 'Est quasi eos labore nihil velit dolores illum.', '2018-10-21 06:51:56', '2018-10-21 06:51:56'),
(419, 43, 8, 'Unde qui quod et qui et facilis et.', '2018-10-12 12:05:18', '2018-10-12 12:05:18'),
(420, 22, 4, 'Labore ea recusandae nihil id.', '2018-10-14 10:34:07', '2018-10-14 10:34:07'),
(421, 35, 3, 'Eum velit atque animi distinctio nobis odio quod.', '2018-10-18 22:49:00', '2018-10-18 22:49:00'),
(422, 19, 10, 'Numquam esse ut aut quia ut placeat.', '2018-09-26 10:42:18', '2018-09-26 10:42:18'),
(423, 97, 4, 'Autem fuga eius cupiditate est provident.', '2018-10-10 01:11:16', '2018-10-10 01:11:16'),
(424, 97, 2, 'Rerum nobis voluptatem qui nihil vitae quae.', '2018-10-17 00:50:18', '2018-10-17 00:50:18'),
(425, 30, 1, 'Pariatur et necessitatibus et ipsum vitae quo.', '2018-09-30 03:09:33', '2018-09-30 03:09:33'),
(426, 17, 6, 'Ut beatae officiis laudantium laudantium sunt soluta eos.', '2018-10-03 02:12:02', '2018-10-03 02:12:02'),
(427, 32, 6, 'Voluptas dicta exercitationem numquam aspernatur dolore.', '2018-09-27 01:22:01', '2018-09-27 01:22:01'),
(428, 22, 1, 'Architecto ea consequatur dignissimos quod.', '2018-09-24 05:27:05', '2018-09-24 05:27:05'),
(429, 41, 6, 'Voluptas dolores quo itaque quo dolore.', '2018-09-27 12:23:32', '2018-09-27 12:23:32'),
(430, 99, 6, 'Molestias quibusdam quis eum eveniet odit hic aliquid.', '2018-10-05 20:41:29', '2018-10-05 20:41:29'),
(431, 69, 3, 'Natus omnis et aut optio aut dolore a.', '2018-10-05 13:48:25', '2018-10-05 13:48:25'),
(432, 84, 4, 'Vero accusantium qui ut magni quidem illum.', '2018-10-19 20:03:06', '2018-10-19 20:03:06'),
(433, 56, 6, 'Iste consequatur maiores nulla maxime sint aliquid.', '2018-10-21 12:10:32', '2018-10-21 12:10:32'),
(434, 42, 6, 'Ab et sed et ut.', '2018-09-27 15:53:35', '2018-09-27 15:53:35'),
(435, 35, 5, 'Suscipit non repellendus omnis nulla.', '2018-10-20 23:45:14', '2018-10-20 23:45:14'),
(436, 19, 7, 'Est beatae quidem dignissimos enim.', '2018-10-18 14:46:49', '2018-10-18 14:46:49'),
(437, 54, 2, 'Sint asperiores aut animi iure dolorum.', '2018-10-11 07:07:53', '2018-10-11 07:07:53'),
(438, 92, 6, 'Nostrum blanditiis ut nesciunt tempora impedit ex.', '2018-10-02 01:57:16', '2018-10-02 01:57:16'),
(439, 16, 9, 'Impedit nobis labore iusto eaque vitae aut.', '2018-10-04 07:09:44', '2018-10-04 07:09:44'),
(440, 71, 4, 'Harum fugiat aut alias vero.', '2018-10-01 07:55:03', '2018-10-01 07:55:03'),
(441, 91, 1, 'Ex sit sed aspernatur recusandae et.', '2018-10-15 10:22:20', '2018-10-15 10:22:20'),
(442, 15, 5, 'Distinctio soluta voluptate officia itaque facere molestias.', '2018-10-09 02:10:28', '2018-10-09 02:10:28'),
(443, 36, 9, 'Commodi reiciendis aut ut qui aut.', '2018-10-20 20:52:28', '2018-10-20 20:52:28'),
(444, 37, 7, 'Tempore qui quia deserunt ut perspiciatis nihil aliquam minima.', '2018-09-28 14:58:59', '2018-09-28 14:58:59'),
(445, 16, 9, 'Molestiae laborum animi tempora qui quo occaecati.', '2018-09-24 06:21:16', '2018-09-24 06:21:16'),
(446, 61, 7, 'Vero quae qui ullam numquam omnis.', '2018-10-10 19:20:03', '2018-10-10 19:20:03'),
(447, 63, 10, 'Optio velit sed similique voluptates facere.', '2018-10-12 10:36:09', '2018-10-12 10:36:09'),
(448, 83, 9, 'Animi cum porro dolore amet.', '2018-10-04 17:01:27', '2018-10-04 17:01:27'),
(449, 97, 9, 'Ut atque fugit laborum saepe.', '2018-10-13 02:26:01', '2018-10-13 02:26:01'),
(450, 79, 7, 'Quam repellendus omnis sit ab alias ut.', '2018-09-30 18:33:34', '2018-09-30 18:33:34'),
(451, 56, 8, 'Sunt tenetur provident et amet et minima.', '2018-09-29 15:50:41', '2018-09-29 15:50:41'),
(452, 15, 6, 'Excepturi error itaque id qui.', '2018-10-06 17:42:46', '2018-10-06 17:42:46'),
(453, 97, 1, 'A voluptas accusamus ratione unde reiciendis.', '2018-09-30 13:39:20', '2018-09-30 13:39:20'),
(454, 73, 8, 'Sunt atque ut est.', '2018-10-04 15:41:57', '2018-10-04 15:41:57'),
(455, 40, 1, 'Rem et ipsa ut sed.', '2018-10-07 07:50:19', '2018-10-07 07:50:19'),
(456, 57, 9, 'Quod vitae cumque qui eum dolores assumenda.', '2018-10-04 20:31:51', '2018-10-04 20:31:51'),
(457, 69, 9, 'Corrupti non eligendi non quam optio repellendus.', '2018-10-06 00:27:53', '2018-10-06 00:27:53'),
(458, 21, 4, 'Autem non maxime eum quisquam doloribus aperiam.', '2018-10-08 23:46:24', '2018-10-08 23:46:24'),
(459, 85, 1, 'Soluta in iusto explicabo.', '2018-10-01 09:05:22', '2018-10-01 09:05:22'),
(460, 51, 2, 'Commodi non sed et occaecati fugiat.', '2018-10-10 02:15:00', '2018-10-10 02:15:00'),
(461, 75, 6, 'Ea aperiam quis autem.', '2018-10-01 19:15:46', '2018-10-01 19:15:46'),
(462, 51, 7, 'Hic fugit et illo perferendis id culpa quod.', '2018-10-10 06:15:12', '2018-10-10 06:15:12'),
(463, 96, 5, 'Qui non impedit aut natus.', '2018-09-24 07:59:31', '2018-09-24 07:59:31'),
(464, 71, 6, 'Aspernatur numquam id qui adipisci sed quas commodi.', '2018-09-27 05:49:39', '2018-09-27 05:49:39'),
(465, 60, 7, 'Atque perspiciatis consequatur perspiciatis voluptatibus id.', '2018-10-01 00:32:29', '2018-10-01 00:32:29'),
(466, 16, 5, 'Omnis earum omnis libero cumque neque vel et nulla.', '2018-09-28 15:00:04', '2018-09-28 15:00:04'),
(467, 26, 7, 'Officia vitae et est sed dolorem qui.', '2018-09-25 09:37:37', '2018-09-25 09:37:37'),
(468, 74, 3, 'A dolores et eius tenetur.', '2018-10-14 20:33:50', '2018-10-14 20:33:50'),
(469, 71, 8, 'Ut voluptas quia tempora itaque.', '2018-10-20 12:40:31', '2018-10-20 12:40:31'),
(470, 80, 7, 'Ut debitis qui similique rerum.', '2018-10-14 20:28:02', '2018-10-14 20:28:02'),
(471, 5, 5, 'Iusto dicta qui tenetur omnis.', '2018-10-08 08:53:54', '2018-10-08 08:53:54'),
(472, 84, 6, 'Sunt tenetur nemo et magnam.', '2018-10-03 17:15:20', '2018-10-03 17:15:20'),
(473, 64, 1, 'Voluptatem velit consequatur aliquid autem.', '2018-10-13 06:01:24', '2018-10-13 06:01:24'),
(474, 78, 1, 'Ea aut aut repellat itaque.', '2018-09-26 06:43:33', '2018-09-26 06:43:33'),
(475, 19, 2, 'Perspiciatis consequatur voluptatem quo corrupti temporibus ipsum rerum.', '2018-10-05 19:09:04', '2018-10-05 19:09:04'),
(476, 82, 2, 'Iusto quae temporibus ipsum sed.', '2018-10-10 12:15:00', '2018-10-10 12:15:00'),
(477, 16, 4, 'Aut distinctio asperiores quia.', '2018-10-18 16:33:05', '2018-10-18 16:33:05');
INSERT INTO `replies` (`id`, `topic_id`, `user_id`, `content`, `created_at`, `updated_at`) VALUES
(478, 24, 3, 'Deleniti sit tenetur quis est facilis consequatur.', '2018-10-02 08:13:12', '2018-10-02 08:13:12'),
(479, 85, 7, 'Dolores dolor fuga reprehenderit.', '2018-10-06 12:23:14', '2018-10-06 12:23:14'),
(480, 44, 7, 'Eaque aut ut ab quasi minima.', '2018-10-06 14:16:50', '2018-10-06 14:16:50'),
(481, 89, 1, 'Fuga vel dolor hic ut.', '2018-09-29 04:35:35', '2018-09-29 04:35:35'),
(482, 66, 10, 'Quisquam libero accusantium enim quos pariatur.', '2018-10-18 06:39:06', '2018-10-18 06:39:06'),
(483, 92, 2, 'Et et vero corporis libero ut.', '2018-10-04 09:38:26', '2018-10-04 09:38:26'),
(484, 7, 5, 'Est eos velit assumenda et nihil id aut quia.', '2018-10-01 13:35:41', '2018-10-01 13:35:41'),
(485, 92, 5, 'Et voluptatem iste vel sint.', '2018-09-30 03:25:55', '2018-09-30 03:25:55'),
(486, 42, 8, 'Vel nisi aspernatur voluptatem laborum laudantium tempore voluptates.', '2018-10-18 01:58:20', '2018-10-18 01:58:20'),
(487, 67, 10, 'Dolor at rem atque minima.', '2018-10-07 18:06:36', '2018-10-07 18:06:36'),
(488, 26, 9, 'Officia ad dolores accusamus sed.', '2018-09-29 15:18:47', '2018-09-29 15:18:47'),
(489, 74, 3, 'Doloremque enim voluptatem ab quis aspernatur consequatur qui ut.', '2018-09-22 17:39:27', '2018-09-22 17:39:27'),
(490, 54, 6, 'Numquam molestiae debitis eligendi nobis.', '2018-10-15 21:39:40', '2018-10-15 21:39:40'),
(491, 57, 5, 'Dolor dolorem ut voluptas voluptate quo blanditiis sed.', '2018-10-12 08:51:49', '2018-10-12 08:51:49'),
(492, 49, 2, 'Sint minus aut qui qui soluta.', '2018-10-14 10:55:36', '2018-10-14 10:55:36'),
(493, 52, 6, 'Unde dolores quis voluptatibus dolores nisi deleniti veniam.', '2018-09-30 11:11:49', '2018-09-30 11:11:49'),
(494, 47, 7, 'Deserunt molestiae corporis vitae voluptatem amet hic.', '2018-10-09 12:59:40', '2018-10-09 12:59:40'),
(495, 88, 3, 'Debitis nesciunt earum et qui dolor.', '2018-09-28 06:55:17', '2018-09-28 06:55:17'),
(496, 82, 9, 'Possimus amet omnis culpa ad ut.', '2018-09-30 13:40:03', '2018-09-30 13:40:03'),
(497, 95, 7, 'Quam a harum et autem.', '2018-09-26 18:53:31', '2018-09-26 18:53:31'),
(498, 76, 2, 'Dolorem fugiat vero est magnam eos dolores nostrum nulla.', '2018-10-12 19:08:23', '2018-10-12 19:08:23'),
(499, 80, 4, 'Non officia maiores enim itaque est ullam accusamus.', '2018-10-15 20:01:16', '2018-10-15 20:01:16'),
(500, 22, 2, 'Ut nisi aut rerum quia natus ipsa eaque.', '2018-10-18 18:55:03', '2018-10-18 18:55:03'),
(501, 90, 1, 'Cumque officia enim veniam.', '2018-09-28 23:05:05', '2018-09-28 23:05:05'),
(502, 30, 2, 'Quia dolor molestiae sit itaque qui.', '2018-09-23 11:33:14', '2018-09-23 11:33:14'),
(503, 12, 2, 'Non optio voluptas voluptas sunt doloremque enim consectetur.', '2018-10-05 10:10:32', '2018-10-05 10:10:32'),
(504, 36, 8, 'Ut dolor ipsam aspernatur repudiandae.', '2018-09-30 06:40:05', '2018-09-30 06:40:05'),
(505, 51, 6, 'Voluptatibus quisquam quia aut neque delectus temporibus.', '2018-10-10 07:20:03', '2018-10-10 07:20:03'),
(506, 91, 5, 'Ut dolorem praesentium omnis sunt id numquam.', '2018-10-07 09:17:45', '2018-10-07 09:17:45'),
(507, 92, 9, 'Autem cum sunt esse aspernatur veniam.', '2018-10-11 12:13:07', '2018-10-11 12:13:07'),
(508, 24, 2, 'Tempora officiis sunt quasi et quo ad et.', '2018-09-26 19:25:56', '2018-09-26 19:25:56'),
(509, 29, 5, 'Quod est blanditiis cupiditate perferendis et et non dolores.', '2018-10-14 20:20:20', '2018-10-14 20:20:20'),
(510, 74, 4, 'Quod veritatis est consequatur aut et quas accusantium perspiciatis.', '2018-10-12 03:09:16', '2018-10-12 03:09:16'),
(511, 66, 6, 'At consequuntur autem eos est reiciendis qui.', '2018-10-12 02:29:11', '2018-10-12 02:29:11'),
(512, 34, 10, 'Quas maiores aut ipsam et est aut voluptatum.', '2018-10-01 02:02:43', '2018-10-01 02:02:43'),
(513, 60, 8, 'Autem vero voluptatum soluta ad numquam.', '2018-10-07 03:21:43', '2018-10-07 03:21:43'),
(514, 2, 8, 'Omnis et aut at.', '2018-09-25 02:57:38', '2018-09-25 02:57:38'),
(515, 83, 4, 'Suscipit autem sit tempora unde libero repudiandae neque.', '2018-10-17 20:00:31', '2018-10-17 20:00:31'),
(516, 87, 4, 'Maxime ut corporis autem cupiditate fugiat.', '2018-10-18 04:42:27', '2018-10-18 04:42:27'),
(517, 82, 5, 'Explicabo non aliquam minus.', '2018-10-16 09:12:26', '2018-10-16 09:12:26'),
(518, 29, 8, 'Sed quia quaerat modi nemo et consequatur.', '2018-10-22 01:58:24', '2018-10-22 01:58:24'),
(519, 87, 6, 'Soluta dolor minima aliquam incidunt accusantium sit.', '2018-10-17 22:16:11', '2018-10-17 22:16:11'),
(520, 66, 7, 'Dolor sint consequatur voluptas sed sint veniam est dignissimos.', '2018-10-05 17:46:14', '2018-10-05 17:46:14'),
(521, 14, 4, 'Quis nostrum possimus sequi provident.', '2018-09-25 14:28:11', '2018-09-25 14:28:11'),
(522, 65, 2, 'Non neque laboriosam ea et.', '2018-10-04 00:32:16', '2018-10-04 00:32:16'),
(523, 59, 6, 'Mollitia saepe ea est optio.', '2018-10-01 20:29:10', '2018-10-01 20:29:10'),
(524, 60, 1, 'Distinctio enim architecto aliquid architecto enim ducimus sint culpa.', '2018-10-17 08:16:22', '2018-10-17 08:16:22'),
(525, 6, 8, 'Odio vitae ea et autem sunt.', '2018-10-18 04:54:57', '2018-10-18 04:54:57'),
(526, 94, 10, 'Nemo molestiae repudiandae sapiente.', '2018-10-03 02:21:50', '2018-10-03 02:21:50'),
(527, 45, 8, 'Rerum laborum nobis minus libero minima debitis.', '2018-10-09 20:10:25', '2018-10-09 20:10:25'),
(528, 2, 5, 'Voluptas sint commodi odio iste et corporis et.', '2018-10-07 02:24:12', '2018-10-07 02:24:12'),
(529, 24, 9, 'Tempora molestiae sed provident est eligendi facere voluptatum perferendis.', '2018-10-11 10:47:14', '2018-10-11 10:47:14'),
(530, 3, 6, 'Nulla velit id qui non nam.', '2018-09-30 01:28:16', '2018-09-30 01:28:16'),
(531, 97, 9, 'Mollitia blanditiis vero error sunt maxime fuga voluptates.', '2018-10-16 21:49:01', '2018-10-16 21:49:01'),
(532, 24, 8, 'Et porro eligendi inventore et natus.', '2018-09-25 00:48:34', '2018-09-25 00:48:34'),
(533, 94, 10, 'Perferendis quis vel ea ratione non exercitationem.', '2018-10-13 15:01:31', '2018-10-13 15:01:31'),
(534, 68, 10, 'Nisi et veniam sequi tenetur tempora.', '2018-10-15 21:51:34', '2018-10-15 21:51:34'),
(535, 35, 4, 'Voluptate nemo nisi at iste reiciendis explicabo.', '2018-10-05 00:37:03', '2018-10-05 00:37:03'),
(536, 62, 10, 'Laudantium vel ea reiciendis id non.', '2018-10-11 02:10:25', '2018-10-11 02:10:25'),
(537, 70, 8, 'Et quos temporibus voluptate quasi dolor.', '2018-10-05 19:56:14', '2018-10-05 19:56:14'),
(538, 66, 10, 'Maxime quia assumenda voluptatibus qui.', '2018-10-11 19:21:39', '2018-10-11 19:21:39'),
(539, 95, 5, 'Aut perspiciatis reiciendis sed harum.', '2018-09-23 02:08:14', '2018-09-23 02:08:14'),
(540, 64, 2, 'Qui et deleniti magni assumenda laboriosam neque consequuntur enim.', '2018-10-03 11:57:45', '2018-10-03 11:57:45'),
(541, 44, 2, 'Sit aliquid eum blanditiis consequuntur.', '2018-10-09 14:02:53', '2018-10-09 14:02:53'),
(542, 34, 4, 'Consequatur velit rerum praesentium harum ut veritatis at libero.', '2018-10-11 01:57:28', '2018-10-11 01:57:28'),
(543, 27, 8, 'Atque sequi culpa pariatur est aut.', '2018-10-12 10:41:25', '2018-10-12 10:41:25'),
(544, 29, 1, 'Facilis atque sit in sequi.', '2018-10-02 11:56:58', '2018-10-02 11:56:58'),
(545, 47, 6, 'Quas ut soluta dicta qui.', '2018-10-22 08:48:48', '2018-10-22 08:48:48'),
(546, 70, 1, 'In vitae est autem esse assumenda aut vel.', '2018-10-08 18:58:05', '2018-10-08 18:58:05'),
(547, 49, 6, 'Tempora aperiam sapiente id vitae molestiae.', '2018-10-07 00:20:39', '2018-10-07 00:20:39'),
(548, 7, 1, 'Eos expedita voluptas dolores sed.', '2018-10-10 21:53:14', '2018-10-10 21:53:14'),
(549, 47, 9, 'Inventore rerum saepe quidem dolores maxime.', '2018-10-05 08:23:09', '2018-10-05 08:23:09'),
(550, 25, 9, 'Mollitia voluptatem harum officiis veritatis libero culpa.', '2018-10-19 09:25:27', '2018-10-19 09:25:27'),
(551, 89, 3, 'Tempore cum voluptatem dignissimos harum.', '2018-10-05 03:43:29', '2018-10-05 03:43:29'),
(552, 85, 3, 'Voluptatem molestias similique maxime aspernatur quidem aliquam.', '2018-10-12 07:55:40', '2018-10-12 07:55:40'),
(553, 97, 7, 'Assumenda quis animi et aut perspiciatis nostrum unde hic.', '2018-09-27 00:10:01', '2018-09-27 00:10:01'),
(554, 95, 6, 'Accusantium iusto quam quis ipsa.', '2018-10-16 00:58:35', '2018-10-16 00:58:35'),
(555, 16, 10, 'Consequatur hic ex et voluptatibus in.', '2018-09-22 23:36:31', '2018-09-22 23:36:31'),
(556, 12, 4, 'Beatae quod nesciunt facilis hic similique amet et.', '2018-09-25 08:48:09', '2018-09-25 08:48:09'),
(557, 5, 9, 'Odio rerum voluptatem qui omnis laudantium et.', '2018-09-26 10:21:08', '2018-09-26 10:21:08'),
(558, 72, 10, 'Laudantium nam ea similique aliquam accusamus praesentium et.', '2018-09-23 19:20:33', '2018-09-23 19:20:33'),
(559, 76, 6, 'Aut doloremque quo aliquid qui.', '2018-10-07 11:45:24', '2018-10-07 11:45:24'),
(560, 57, 9, 'Id voluptatem dolorem autem error.', '2018-10-05 03:46:05', '2018-10-05 03:46:05'),
(561, 53, 10, 'Consequatur facere qui nulla sed quas.', '2018-09-29 07:24:46', '2018-09-29 07:24:46'),
(562, 35, 8, 'Ducimus veritatis aliquid velit.', '2018-10-15 13:10:08', '2018-10-15 13:10:08'),
(563, 2, 8, 'Vel at sunt quo non nemo error molestias.', '2018-10-06 07:52:28', '2018-10-06 07:52:28'),
(564, 34, 5, 'Iste omnis nemo quia et exercitationem.', '2018-09-22 23:39:54', '2018-09-22 23:39:54'),
(565, 36, 9, 'Aspernatur ad doloremque laboriosam qui minima accusantium perferendis.', '2018-10-04 00:38:11', '2018-10-04 00:38:11'),
(566, 91, 3, 'Fuga voluptas libero sit quisquam accusamus officia quasi.', '2018-09-28 18:02:06', '2018-09-28 18:02:06'),
(567, 22, 3, 'In consequatur atque porro ut commodi cum.', '2018-10-14 06:36:40', '2018-10-14 06:36:40'),
(568, 8, 1, 'Est aut temporibus inventore aut quo illo.', '2018-10-10 03:25:23', '2018-10-10 03:25:23'),
(569, 81, 4, 'Quis numquam est atque reprehenderit enim.', '2018-10-03 12:42:22', '2018-10-03 12:42:22'),
(570, 19, 10, 'Quod id commodi assumenda omnis laboriosam vel.', '2018-10-06 00:28:30', '2018-10-06 00:28:30'),
(571, 53, 3, 'Et a nostrum in necessitatibus sapiente a.', '2018-09-23 19:43:42', '2018-09-23 19:43:42'),
(572, 99, 1, 'Pariatur eum qui ut aut.', '2018-10-18 00:51:34', '2018-10-18 00:51:34'),
(573, 59, 6, 'Dolorum est necessitatibus earum est libero.', '2018-10-08 10:23:30', '2018-10-08 10:23:30'),
(574, 61, 10, 'Enim harum animi voluptates.', '2018-10-09 17:11:10', '2018-10-09 17:11:10'),
(575, 94, 2, 'Maxime illo dolor harum illo quisquam occaecati.', '2018-10-09 07:09:34', '2018-10-09 07:09:34'),
(576, 39, 5, 'Rerum enim optio voluptatibus explicabo maiores.', '2018-10-12 00:55:37', '2018-10-12 00:55:37'),
(577, 94, 3, 'Vel sit odio omnis neque et maiores dolore.', '2018-10-20 10:55:46', '2018-10-20 10:55:46'),
(578, 75, 9, 'Molestiae quibusdam voluptatum qui quis est id commodi.', '2018-09-25 07:05:24', '2018-09-25 07:05:24'),
(579, 53, 4, 'Rerum nemo fuga quae dolorum sit corporis esse sit.', '2018-10-18 04:47:38', '2018-10-18 04:47:38'),
(580, 73, 5, 'Aut excepturi ad odit pariatur expedita nemo mollitia.', '2018-09-27 18:15:56', '2018-09-27 18:15:56'),
(581, 49, 4, 'Inventore harum rem tempora iusto omnis.', '2018-10-15 03:45:57', '2018-10-15 03:45:57'),
(582, 51, 4, 'Dolores dolorem aut iste ab velit fugiat.', '2018-10-17 13:39:46', '2018-10-17 13:39:46'),
(583, 99, 7, 'Dignissimos sequi et itaque deleniti itaque esse eum.', '2018-09-28 16:04:30', '2018-09-28 16:04:30'),
(584, 61, 6, 'Quas voluptatem nostrum corporis veniam nam libero tenetur excepturi.', '2018-09-25 09:42:31', '2018-09-25 09:42:31'),
(585, 81, 4, 'Pariatur et optio quae qui perspiciatis.', '2018-10-15 18:33:25', '2018-10-15 18:33:25'),
(586, 39, 2, 'Qui iure in ea tempora aliquid.', '2018-10-07 13:32:22', '2018-10-07 13:32:22'),
(587, 95, 6, 'Quia necessitatibus et sunt reprehenderit.', '2018-10-03 14:54:50', '2018-10-03 14:54:50'),
(588, 33, 1, 'Soluta voluptatem quo repellat iure.', '2018-10-21 05:32:49', '2018-10-21 05:32:49'),
(589, 80, 6, 'Et numquam ea omnis atque ut odio quia.', '2018-09-25 00:32:05', '2018-09-25 00:32:05'),
(590, 4, 8, 'Iusto cum fuga eveniet officia sed neque.', '2018-10-06 08:22:59', '2018-10-06 08:22:59'),
(591, 5, 5, 'Eum voluptas sapiente voluptates rerum error.', '2018-10-12 20:37:00', '2018-10-12 20:37:00'),
(592, 71, 9, 'Dolores ex nam repellat deserunt dolore alias facere sunt.', '2018-10-21 00:12:08', '2018-10-21 00:12:08'),
(593, 87, 8, 'Hic omnis doloribus ducimus ea beatae et.', '2018-09-30 00:44:08', '2018-09-30 00:44:08'),
(594, 10, 10, 'Unde atque qui et eum vitae.', '2018-10-09 01:53:53', '2018-10-09 01:53:53'),
(595, 3, 1, 'Doloribus est perferendis rerum suscipit rerum.', '2018-10-22 03:57:13', '2018-10-22 03:57:13'),
(596, 72, 4, 'Dolor tempore iure labore enim.', '2018-10-12 17:59:04', '2018-10-12 17:59:04'),
(597, 66, 4, 'Exercitationem velit incidunt distinctio similique.', '2018-10-05 20:25:29', '2018-10-05 20:25:29'),
(598, 86, 4, 'Non labore earum nostrum non cumque excepturi voluptatem nihil.', '2018-10-01 16:03:05', '2018-10-01 16:03:05'),
(599, 2, 6, 'Minus repudiandae ut sit in repellat.', '2018-09-24 09:35:55', '2018-09-24 09:35:55'),
(600, 12, 5, 'Quia similique quam ex eos eos dolorem ducimus.', '2018-10-04 10:40:43', '2018-10-04 10:40:43'),
(601, 95, 7, 'Dicta consectetur eos harum.', '2018-09-26 06:43:18', '2018-09-26 06:43:18'),
(602, 50, 10, 'Provident ut ipsam autem vitae.', '2018-10-15 23:53:52', '2018-10-15 23:53:52'),
(603, 54, 3, 'At suscipit fuga dolor occaecati ut.', '2018-10-05 16:25:48', '2018-10-05 16:25:48'),
(604, 54, 1, 'Ea enim assumenda dolores ut.', '2018-10-18 07:04:50', '2018-10-18 07:04:50'),
(605, 70, 7, 'Rerum nihil maxime atque dignissimos.', '2018-10-20 07:49:59', '2018-10-20 07:49:59'),
(606, 46, 5, 'Consectetur qui veritatis consequuntur pariatur dolorem maiores et.', '2018-09-27 11:33:43', '2018-09-27 11:33:43'),
(607, 14, 3, 'Ea dolor voluptatem molestiae nostrum.', '2018-09-27 07:09:13', '2018-09-27 07:09:13'),
(608, 50, 10, 'Rerum quis ullam unde maiores porro enim et.', '2018-10-17 05:05:00', '2018-10-17 05:05:00'),
(609, 17, 7, 'Dicta qui provident quod aliquam ipsam.', '2018-09-30 17:53:29', '2018-09-30 17:53:29'),
(610, 66, 7, 'Earum ullam provident ratione consequatur sunt laudantium quia.', '2018-10-22 03:49:13', '2018-10-22 03:49:13'),
(611, 41, 3, 'Et sed optio sed ratione fugiat sint.', '2018-10-18 21:14:33', '2018-10-18 21:14:33'),
(612, 53, 4, 'Laboriosam provident provident libero incidunt.', '2018-09-25 12:57:09', '2018-09-25 12:57:09'),
(613, 8, 3, 'Et qui nisi veniam molestiae.', '2018-10-15 01:20:50', '2018-10-15 01:20:50'),
(614, 94, 10, 'Voluptate qui rem ipsum repellat aspernatur eveniet saepe veniam.', '2018-10-03 05:36:25', '2018-10-03 05:36:25'),
(615, 42, 3, 'Repellat laboriosam est quo quasi consequatur.', '2018-10-21 08:19:20', '2018-10-21 08:19:20'),
(616, 3, 4, 'Nobis error autem minima.', '2018-10-19 21:42:02', '2018-10-19 21:42:02'),
(617, 12, 7, 'Inventore voluptatem accusamus ipsa rerum ea.', '2018-10-06 22:59:16', '2018-10-06 22:59:16'),
(618, 69, 2, 'Voluptatem at aperiam quia consequatur eius sit.', '2018-10-12 05:18:01', '2018-10-12 05:18:01'),
(619, 84, 5, 'Porro dignissimos laudantium commodi cumque suscipit sunt molestiae.', '2018-10-06 15:25:25', '2018-10-06 15:25:25'),
(620, 32, 8, 'Omnis soluta alias qui rem fuga quis aspernatur.', '2018-10-11 13:48:23', '2018-10-11 13:48:23'),
(621, 65, 10, 'Magnam commodi est rerum.', '2018-09-27 00:59:44', '2018-09-27 00:59:44'),
(622, 54, 2, 'Fugit sed velit voluptatibus numquam et qui sit.', '2018-10-12 07:11:02', '2018-10-12 07:11:02'),
(623, 71, 1, 'Aut sit ad cupiditate eveniet.', '2018-10-17 04:25:37', '2018-10-17 04:25:37'),
(624, 24, 9, 'Quia facere laborum eos quam sunt aliquid qui.', '2018-10-01 13:55:02', '2018-10-01 13:55:02'),
(625, 4, 1, 'Sit numquam unde incidunt optio libero nulla molestiae.', '2018-10-21 23:28:03', '2018-10-21 23:28:03'),
(626, 90, 6, 'Perferendis quibusdam et omnis soluta cupiditate occaecati.', '2018-10-18 00:23:04', '2018-10-18 00:23:04'),
(627, 92, 3, 'Qui repudiandae odit sit.', '2018-09-25 07:42:04', '2018-09-25 07:42:04'),
(628, 87, 7, 'Cupiditate voluptatem autem adipisci non quidem.', '2018-10-21 18:16:10', '2018-10-21 18:16:10'),
(629, 22, 6, 'Necessitatibus voluptatem dicta aut id dolorem.', '2018-09-26 14:49:37', '2018-09-26 14:49:37'),
(630, 77, 6, 'Quisquam quo qui cupiditate.', '2018-10-20 16:57:41', '2018-10-20 16:57:41'),
(631, 35, 5, 'Dolor dolorum totam error.', '2018-09-26 12:10:04', '2018-09-26 12:10:04'),
(632, 92, 4, 'Quo aliquam in dignissimos eligendi dignissimos qui sint.', '2018-10-13 02:06:25', '2018-10-13 02:06:25'),
(633, 20, 8, 'Officiis magnam officia culpa reiciendis enim rerum in.', '2018-10-20 10:15:07', '2018-10-20 10:15:07'),
(634, 29, 4, 'Ad sequi qui laborum impedit aperiam consequatur non.', '2018-10-20 17:25:14', '2018-10-20 17:25:14'),
(635, 84, 8, 'Quia perferendis numquam ipsum sed consequuntur et fugit.', '2018-10-06 20:17:18', '2018-10-06 20:17:18'),
(636, 40, 3, 'Iusto ut odit et molestiae tempora in illo consectetur.', '2018-09-29 16:33:47', '2018-09-29 16:33:47'),
(637, 85, 8, 'Aliquam doloribus ea eos voluptas voluptatem hic ut eum.', '2018-09-22 22:53:37', '2018-09-22 22:53:37'),
(638, 77, 4, 'Et perspiciatis laudantium dignissimos quam ratione rerum.', '2018-09-27 10:44:22', '2018-09-27 10:44:22'),
(639, 36, 1, 'Impedit minima suscipit qui temporibus.', '2018-10-16 18:31:29', '2018-10-16 18:31:29'),
(640, 33, 7, 'Ipsum est occaecati non ut suscipit.', '2018-10-04 17:29:04', '2018-10-04 17:29:04'),
(641, 53, 8, 'Provident doloribus iusto maxime totam officia minima.', '2018-10-17 13:46:34', '2018-10-17 13:46:34'),
(642, 35, 8, 'Corporis soluta quas optio eos repudiandae perferendis minima.', '2018-09-30 07:15:42', '2018-09-30 07:15:42'),
(643, 66, 5, 'Aut voluptas omnis possimus numquam.', '2018-10-11 02:01:32', '2018-10-11 02:01:32'),
(644, 17, 6, 'Vel sapiente officiis illum molestias dignissimos autem.', '2018-10-18 12:32:57', '2018-10-18 12:32:57'),
(645, 47, 3, 'Animi omnis voluptas in magnam ea.', '2018-10-10 05:09:05', '2018-10-10 05:09:05'),
(646, 32, 4, 'Illum sit dolores quidem exercitationem expedita.', '2018-10-16 11:04:55', '2018-10-16 11:04:55'),
(647, 38, 2, 'Veniam voluptatem nam ea.', '2018-10-18 04:13:38', '2018-10-18 04:13:38'),
(648, 55, 7, 'Praesentium esse et vitae officiis dolores rerum et consequatur.', '2018-10-06 01:09:21', '2018-10-06 01:09:21'),
(649, 47, 5, 'Commodi velit ratione ut deleniti molestias.', '2018-09-29 21:49:04', '2018-09-29 21:49:04'),
(650, 23, 3, 'Ducimus est officiis sit exercitationem.', '2018-10-19 08:10:30', '2018-10-19 08:10:30'),
(651, 1, 8, 'Deserunt sit praesentium qui vero eligendi.', '2018-10-07 00:32:35', '2018-10-07 00:32:35'),
(652, 81, 9, 'Sit omnis occaecati molestiae maxime.', '2018-10-15 15:13:14', '2018-10-15 15:13:14'),
(653, 66, 6, 'Repellat vel dolorum quisquam eligendi exercitationem iste.', '2018-10-09 00:31:02', '2018-10-09 00:31:02'),
(654, 87, 8, 'Praesentium consectetur laborum aliquid velit et et.', '2018-10-12 20:06:25', '2018-10-12 20:06:25'),
(655, 1, 3, 'Velit aut nostrum eos non.', '2018-10-18 00:12:34', '2018-10-18 00:12:34'),
(656, 99, 10, 'Earum esse soluta dicta minus voluptatem.', '2018-10-13 21:57:10', '2018-10-13 21:57:10'),
(657, 93, 3, 'Error molestias cupiditate non natus rerum culpa hic perspiciatis.', '2018-10-03 10:02:06', '2018-10-03 10:02:06'),
(658, 40, 4, 'Commodi corrupti temporibus veniam enim libero.', '2018-10-14 02:30:16', '2018-10-14 02:30:16'),
(659, 63, 3, 'Itaque quas porro quam.', '2018-10-16 05:04:42', '2018-10-16 05:04:42'),
(660, 4, 1, 'Sapiente saepe quam necessitatibus.', '2018-10-01 04:22:24', '2018-10-01 04:22:24'),
(661, 64, 9, 'Architecto autem sunt eligendi eum enim nam.', '2018-10-04 04:09:04', '2018-10-04 04:09:04'),
(662, 100, 3, 'Nemo sit et provident molestiae qui et amet.', '2018-10-14 12:48:34', '2018-10-14 12:48:34'),
(663, 29, 8, 'Sed aut non velit nisi ut.', '2018-10-01 16:02:22', '2018-10-01 16:02:22'),
(664, 60, 4, 'Facilis quod occaecati asperiores quaerat sunt officiis sed.', '2018-09-30 02:00:47', '2018-09-30 02:00:47'),
(665, 39, 4, 'Quos nesciunt nihil assumenda.', '2018-10-10 23:24:10', '2018-10-10 23:24:10'),
(666, 97, 3, 'Ea sed et totam.', '2018-10-03 12:18:44', '2018-10-03 12:18:44'),
(667, 99, 4, 'Quo molestiae ut enim amet.', '2018-10-14 16:28:38', '2018-10-14 16:28:38'),
(668, 5, 4, 'Harum expedita molestias corrupti totam.', '2018-10-09 22:59:46', '2018-10-09 22:59:46'),
(669, 66, 1, 'Enim in laboriosam veniam provident dolorem vel consectetur error.', '2018-09-30 06:48:46', '2018-09-30 06:48:46'),
(670, 92, 2, 'Quas ipsa exercitationem eos voluptatibus explicabo.', '2018-09-23 18:05:27', '2018-09-23 18:05:27'),
(671, 98, 1, 'Rerum deleniti ut libero enim repudiandae et voluptatem aut.', '2018-10-14 20:12:47', '2018-10-14 20:12:47'),
(672, 67, 9, 'Autem officiis quas quisquam sunt.', '2018-10-13 23:05:40', '2018-10-13 23:05:40'),
(673, 30, 9, 'Non neque voluptatem dolorem dolor fugit sunt eos.', '2018-10-03 20:52:49', '2018-10-03 20:52:49'),
(674, 62, 9, 'Quidem sed enim sed odio voluptatem repellendus aliquid.', '2018-09-24 22:22:48', '2018-09-24 22:22:48'),
(675, 48, 8, 'Incidunt nihil earum temporibus accusantium modi voluptatem aut.', '2018-10-07 07:50:42', '2018-10-07 07:50:42'),
(676, 52, 3, 'Sint illum enim aut eum quis aut sit.', '2018-10-12 21:30:06', '2018-10-12 21:30:06'),
(677, 71, 7, 'Eum officia ab et.', '2018-09-23 17:27:03', '2018-09-23 17:27:03'),
(678, 81, 5, 'Perferendis dolores fugiat sunt assumenda.', '2018-09-26 14:17:15', '2018-09-26 14:17:15'),
(679, 13, 7, 'Nobis quod odit rerum id voluptatem aliquam.', '2018-10-06 07:52:41', '2018-10-06 07:52:41'),
(680, 52, 1, 'In nam dignissimos id dolor pariatur quia nesciunt.', '2018-10-12 17:16:30', '2018-10-12 17:16:30'),
(681, 53, 1, 'Magnam ut quae eos ex.', '2018-10-18 04:09:47', '2018-10-18 04:09:47'),
(682, 80, 8, 'Dicta et et distinctio ad.', '2018-10-15 15:29:05', '2018-10-15 15:29:05'),
(683, 83, 1, 'Non nostrum quo quisquam dolorem omnis est.', '2018-10-17 09:06:45', '2018-10-17 09:06:45'),
(684, 38, 8, 'Quo assumenda numquam ab ex.', '2018-10-03 06:44:14', '2018-10-03 06:44:14'),
(685, 87, 1, 'Veniam adipisci aut ut eveniet et et quia.', '2018-10-22 01:50:57', '2018-10-22 01:50:57'),
(686, 64, 6, 'Blanditiis sit ut enim ad aut.', '2018-10-18 07:53:56', '2018-10-18 07:53:56'),
(687, 7, 8, 'Fugit et laboriosam atque ex doloribus.', '2018-09-25 07:29:05', '2018-09-25 07:29:05'),
(688, 77, 8, 'Porro beatae qui vel.', '2018-10-02 03:33:39', '2018-10-02 03:33:39'),
(689, 21, 6, 'Est ullam quod aut vero qui eum.', '2018-10-19 06:37:13', '2018-10-19 06:37:13'),
(690, 38, 9, 'Id natus sit voluptas magnam qui.', '2018-10-04 10:48:53', '2018-10-04 10:48:53'),
(691, 35, 8, 'In incidunt recusandae qui itaque eos eum.', '2018-10-21 13:35:36', '2018-10-21 13:35:36'),
(692, 75, 10, 'Aspernatur omnis itaque similique id placeat eum tempora.', '2018-10-15 06:49:55', '2018-10-15 06:49:55'),
(693, 36, 8, 'Tenetur autem eveniet eius aperiam rerum expedita nemo.', '2018-09-26 18:12:25', '2018-09-26 18:12:25'),
(694, 40, 4, 'Dolorem repellat facere praesentium magni maxime delectus at minima.', '2018-10-08 10:14:46', '2018-10-08 10:14:46'),
(695, 89, 7, 'Quisquam aspernatur veniam consequuntur aut beatae.', '2018-10-20 17:56:58', '2018-10-20 17:56:58'),
(696, 15, 8, 'Qui et sint eum.', '2018-10-06 14:34:07', '2018-10-06 14:34:07'),
(697, 87, 7, 'Quo ipsum voluptates voluptatibus dolores ipsa.', '2018-09-28 10:56:16', '2018-09-28 10:56:16'),
(698, 94, 5, 'Quis enim quis et porro.', '2018-10-02 12:32:42', '2018-10-02 12:32:42'),
(699, 26, 5, 'Omnis autem ad culpa molestias ex.', '2018-09-25 08:28:13', '2018-09-25 08:28:13'),
(700, 13, 5, 'Possimus ullam optio labore quos aut est.', '2018-10-16 14:01:19', '2018-10-16 14:01:19'),
(701, 98, 7, 'Ut est dolor voluptatem sint et velit.', '2018-10-08 06:30:43', '2018-10-08 06:30:43'),
(702, 1, 1, 'Voluptate eligendi ipsam commodi ut ut.', '2018-10-05 13:35:42', '2018-10-05 13:35:42'),
(703, 46, 6, 'Temporibus non perspiciatis tempore molestias.', '2018-10-10 00:07:44', '2018-10-10 00:07:44'),
(704, 90, 3, 'Ipsam dolor quae perferendis nisi et quibusdam cum.', '2018-10-06 05:22:47', '2018-10-06 05:22:47'),
(705, 56, 6, 'Optio nam earum vero quos.', '2018-09-23 10:57:21', '2018-09-23 10:57:21'),
(706, 37, 8, 'Vitae ipsa facilis commodi laudantium.', '2018-10-12 12:18:30', '2018-10-12 12:18:30'),
(707, 57, 3, 'Fugit repellat expedita consequuntur in fugit et.', '2018-10-15 04:10:01', '2018-10-15 04:10:01'),
(708, 27, 9, 'Nemo sequi officia asperiores magni.', '2018-10-04 08:52:59', '2018-10-04 08:52:59'),
(709, 3, 7, 'Ducimus libero quia nulla amet enim minus sit omnis.', '2018-10-10 23:04:56', '2018-10-10 23:04:56'),
(710, 93, 3, 'Non nostrum rerum ratione sit.', '2018-09-26 00:10:38', '2018-09-26 00:10:38'),
(711, 98, 6, 'Tempora maxime nulla vel at praesentium et error amet.', '2018-09-28 04:56:20', '2018-09-28 04:56:20'),
(712, 4, 7, 'Ut est fugit ea voluptate quo unde necessitatibus.', '2018-10-11 08:59:45', '2018-10-11 08:59:45'),
(713, 55, 10, 'Qui nihil facilis ab amet.', '2018-10-06 12:12:42', '2018-10-06 12:12:42'),
(714, 42, 4, 'Voluptatum unde sapiente itaque rerum assumenda pariatur rerum.', '2018-09-29 17:48:25', '2018-09-29 17:48:25'),
(715, 21, 1, 'Quod praesentium laudantium id quasi consequuntur.', '2018-09-26 04:12:13', '2018-09-26 04:12:13'),
(716, 23, 3, 'Saepe sapiente ea temporibus ut.', '2018-10-04 23:52:11', '2018-10-04 23:52:11'),
(717, 62, 7, 'Quas fugit perspiciatis quia omnis animi suscipit.', '2018-10-13 22:22:46', '2018-10-13 22:22:46'),
(718, 62, 10, 'Aspernatur autem ut est corporis nam.', '2018-10-01 08:06:52', '2018-10-01 08:06:52'),
(719, 67, 8, 'Ipsum qui alias numquam incidunt sed.', '2018-10-07 21:18:52', '2018-10-07 21:18:52'),
(720, 86, 10, 'Deserunt ea illum officiis a consequatur incidunt.', '2018-10-10 17:59:35', '2018-10-10 17:59:35'),
(721, 16, 7, 'Ab consequatur nisi nihil repudiandae beatae consequatur.', '2018-10-03 01:29:21', '2018-10-03 01:29:21'),
(722, 52, 5, 'Et alias veniam est aut.', '2018-10-09 08:27:03', '2018-10-09 08:27:03'),
(723, 17, 2, 'Non fugit pariatur ut aut.', '2018-10-16 15:53:58', '2018-10-16 15:53:58'),
(724, 29, 4, 'Atque numquam iure nihil soluta.', '2018-10-06 17:45:52', '2018-10-06 17:45:52'),
(725, 62, 1, 'Modi fuga officia numquam.', '2018-10-12 01:51:56', '2018-10-12 01:51:56'),
(726, 31, 1, 'Aut molestias dolorem quia molestiae.', '2018-10-18 18:35:53', '2018-10-18 18:35:53'),
(727, 95, 3, 'Nihil qui cum libero vitae reiciendis officiis blanditiis beatae.', '2018-10-19 19:47:36', '2018-10-19 19:47:36'),
(728, 30, 6, 'Explicabo aut omnis labore est.', '2018-10-15 13:49:25', '2018-10-15 13:49:25'),
(729, 2, 2, 'Commodi enim recusandae nobis omnis aperiam earum.', '2018-09-30 08:38:21', '2018-09-30 08:38:21'),
(730, 40, 10, 'Assumenda et eum quae consequuntur nam.', '2018-09-26 04:05:10', '2018-09-26 04:05:10'),
(731, 82, 4, 'Maiores necessitatibus est culpa sed consequatur eos.', '2018-10-09 17:35:32', '2018-10-09 17:35:32'),
(732, 44, 8, 'Inventore aut sunt impedit eligendi illum ipsa.', '2018-10-07 05:53:42', '2018-10-07 05:53:42'),
(733, 31, 9, 'Id ipsum itaque quo.', '2018-09-24 01:20:32', '2018-09-24 01:20:32'),
(734, 25, 8, 'Voluptatibus et repellat sit in rerum numquam itaque.', '2018-10-04 07:32:02', '2018-10-04 07:32:02'),
(735, 85, 6, 'Quod doloremque atque debitis omnis itaque.', '2018-10-09 01:46:53', '2018-10-09 01:46:53'),
(736, 61, 9, 'Fugit labore dolores eos perspiciatis sint quibusdam.', '2018-10-19 09:49:26', '2018-10-19 09:49:26'),
(737, 92, 9, 'Vitae non laboriosam voluptas eligendi.', '2018-10-12 20:28:03', '2018-10-12 20:28:03'),
(738, 9, 2, 'Voluptatem est porro ut rerum atque ipsa eveniet.', '2018-10-04 07:28:09', '2018-10-04 07:28:09'),
(739, 76, 2, 'Eius est vero necessitatibus eius.', '2018-10-15 17:49:08', '2018-10-15 17:49:08'),
(740, 42, 2, 'Facere dolorem sunt nobis quo quia est doloremque.', '2018-09-23 07:01:06', '2018-09-23 07:01:06'),
(741, 4, 9, 'Dolorum et vel laudantium ab.', '2018-10-05 22:46:34', '2018-10-05 22:46:34'),
(742, 42, 1, 'Et quas corporis et ea inventore et enim.', '2018-10-12 19:29:31', '2018-10-12 19:29:31'),
(743, 75, 10, 'Repellat repellendus architecto et aperiam excepturi facere neque.', '2018-10-10 14:13:35', '2018-10-10 14:13:35'),
(744, 37, 8, 'Consequatur veritatis et nesciunt at.', '2018-09-30 07:42:43', '2018-09-30 07:42:43'),
(745, 13, 4, 'Ducimus saepe ut occaecati dolor sit natus ipsa.', '2018-10-14 05:00:41', '2018-10-14 05:00:41'),
(746, 99, 8, 'Non ex et rerum dolorem sit.', '2018-10-14 02:27:36', '2018-10-14 02:27:36'),
(747, 92, 7, 'Quas dolorem id autem officia quia rerum.', '2018-10-13 15:04:42', '2018-10-13 15:04:42'),
(748, 60, 1, 'Corporis eius maiores aut soluta perferendis sed.', '2018-10-18 23:53:25', '2018-10-18 23:53:25'),
(749, 90, 9, 'Dolores eum cupiditate nisi ab quo repellat ut quo.', '2018-09-23 06:13:19', '2018-09-23 06:13:19'),
(750, 32, 6, 'Aperiam debitis voluptate libero molestias et et molestias dolorem.', '2018-09-22 13:29:19', '2018-09-22 13:29:19'),
(751, 68, 9, 'Iste unde expedita possimus harum tempore.', '2018-10-17 15:37:55', '2018-10-17 15:37:55'),
(752, 14, 2, 'Saepe corrupti sit eum vel ipsa modi dolores.', '2018-10-04 18:37:34', '2018-10-04 18:37:34'),
(753, 89, 5, 'Facilis perspiciatis similique consequuntur pariatur fuga magnam.', '2018-10-21 00:32:50', '2018-10-21 00:32:50'),
(754, 11, 1, 'Consequuntur voluptatum sed pariatur ipsum aut recusandae fugit qui.', '2018-09-29 19:18:19', '2018-09-29 19:18:19'),
(755, 53, 8, 'Nulla asperiores veniam nulla ad explicabo.', '2018-09-27 02:17:19', '2018-09-27 02:17:19'),
(756, 7, 1, 'Voluptas ut et cumque earum.', '2018-10-12 01:25:33', '2018-10-12 01:25:33'),
(757, 40, 7, 'Eaque recusandae sint et modi cupiditate enim exercitationem.', '2018-10-17 20:24:23', '2018-10-17 20:24:23'),
(758, 87, 8, 'Nobis voluptatem iste et a cupiditate autem error rerum.', '2018-10-21 18:18:54', '2018-10-21 18:18:54'),
(759, 37, 9, 'Quia maxime in aut ut accusamus aut distinctio.', '2018-10-14 16:06:08', '2018-10-14 16:06:08'),
(760, 87, 6, 'Et voluptatem quam exercitationem nihil.', '2018-10-19 17:02:11', '2018-10-19 17:02:11'),
(761, 34, 4, 'Voluptatem dolorem quia autem aliquam incidunt et.', '2018-10-21 07:21:26', '2018-10-21 07:21:26'),
(762, 44, 8, 'Enim iusto tempora voluptatum id sequi nisi.', '2018-10-03 04:26:38', '2018-10-03 04:26:38'),
(763, 54, 10, 'Consequuntur rerum cupiditate voluptatum voluptatem veritatis quasi.', '2018-10-11 05:02:32', '2018-10-11 05:02:32'),
(764, 73, 8, 'Vitae cumque aut dolores et.', '2018-09-27 17:20:58', '2018-09-27 17:20:58'),
(765, 18, 7, 'Minus et tempora qui sed ut expedita.', '2018-09-30 19:55:37', '2018-09-30 19:55:37'),
(766, 27, 3, 'Dolores quo nulla enim adipisci eligendi iusto veritatis.', '2018-09-29 05:32:23', '2018-09-29 05:32:23'),
(767, 68, 5, 'Accusamus tempora sint neque.', '2018-09-30 16:06:07', '2018-09-30 16:06:07'),
(768, 90, 4, 'Quidem vero est sapiente voluptatem aut quaerat dolor.', '2018-10-14 21:38:27', '2018-10-14 21:38:27'),
(769, 5, 4, 'Dolore ipsam aperiam excepturi enim voluptas porro nam facere.', '2018-09-27 16:40:01', '2018-09-27 16:40:01'),
(770, 43, 9, 'Natus fugiat unde beatae nihil amet ut.', '2018-10-08 19:14:05', '2018-10-08 19:14:05'),
(771, 94, 5, 'Quo ullam quia aut quidem repellendus.', '2018-10-07 17:31:28', '2018-10-07 17:31:28'),
(772, 83, 2, 'Consectetur laborum exercitationem dolores exercitationem dolores enim.', '2018-10-20 06:00:22', '2018-10-20 06:00:22'),
(773, 99, 3, 'Ipsa id quia in et aut mollitia reiciendis.', '2018-10-18 11:16:21', '2018-10-18 11:16:21'),
(774, 100, 5, 'Voluptatem aut dolor hic commodi amet voluptas et.', '2018-09-29 11:44:28', '2018-09-29 11:44:28'),
(775, 5, 5, 'Minus doloribus doloremque eos est sint ut.', '2018-10-14 20:12:39', '2018-10-14 20:12:39'),
(776, 53, 2, 'Ut autem ab dolores veritatis qui.', '2018-09-29 01:54:36', '2018-09-29 01:54:36'),
(777, 66, 4, 'Voluptatum similique provident et eveniet asperiores rerum dolor.', '2018-09-25 12:40:12', '2018-09-25 12:40:12'),
(778, 12, 4, 'Sunt et nobis qui est quisquam et officiis ex.', '2018-09-30 17:49:11', '2018-09-30 17:49:11'),
(779, 74, 1, 'Assumenda maxime quod ad quia et non asperiores.', '2018-10-11 03:45:10', '2018-10-11 03:45:10'),
(780, 42, 10, 'Maxime quos animi dignissimos alias dolor vel voluptas.', '2018-10-10 03:42:48', '2018-10-10 03:42:48'),
(781, 57, 3, 'Consectetur provident laudantium delectus.', '2018-09-26 22:10:41', '2018-09-26 22:10:41'),
(782, 79, 10, 'Neque a similique rerum praesentium.', '2018-10-03 00:48:12', '2018-10-03 00:48:12'),
(783, 94, 9, 'Non non ab commodi neque et veniam sint.', '2018-10-13 22:42:24', '2018-10-13 22:42:24'),
(784, 90, 10, 'Qui corrupti expedita non eligendi quidem in et ut.', '2018-10-17 21:47:53', '2018-10-17 21:47:53'),
(785, 87, 2, 'Quaerat voluptatem voluptatem ea libero neque.', '2018-10-07 15:04:46', '2018-10-07 15:04:46'),
(786, 95, 8, 'Architecto nostrum dolor illum explicabo et.', '2018-09-30 06:08:54', '2018-09-30 06:08:54'),
(787, 88, 1, 'Et aliquid consequatur et et commodi aut velit.', '2018-09-26 10:36:24', '2018-09-26 10:36:24'),
(788, 22, 10, 'Non eos porro quasi et est odit aut totam.', '2018-09-24 14:08:45', '2018-09-24 14:08:45'),
(789, 79, 2, 'Eos qui qui repudiandae id quaerat placeat reiciendis.', '2018-09-26 05:34:15', '2018-09-26 05:34:15'),
(790, 27, 8, 'Assumenda laudantium accusantium a aperiam accusamus.', '2018-10-17 06:25:44', '2018-10-17 06:25:44'),
(791, 43, 2, 'Quae dolorem suscipit assumenda nesciunt deleniti harum.', '2018-09-30 17:03:49', '2018-09-30 17:03:49'),
(792, 2, 9, 'Dolores praesentium reiciendis reprehenderit ea magni.', '2018-10-19 01:28:03', '2018-10-19 01:28:03'),
(793, 53, 6, 'Odio non voluptatibus voluptatem aut hic qui.', '2018-09-28 10:17:46', '2018-09-28 10:17:46'),
(794, 55, 1, 'Aut dolor natus in excepturi.', '2018-10-05 19:07:58', '2018-10-05 19:07:58'),
(795, 8, 6, 'Nulla ut a est.', '2018-10-20 14:16:02', '2018-10-20 14:16:02'),
(796, 25, 8, 'Occaecati eos atque saepe nemo labore et.', '2018-09-24 20:09:57', '2018-09-24 20:09:57'),
(797, 85, 5, 'Quam in doloremque aut assumenda.', '2018-10-14 18:39:09', '2018-10-14 18:39:09'),
(798, 27, 4, 'Aut nulla molestiae vero a nihil.', '2018-09-25 21:20:12', '2018-09-25 21:20:12'),
(799, 35, 5, 'Alias necessitatibus inventore placeat ea enim et qui animi.', '2018-10-19 02:01:42', '2018-10-19 02:01:42'),
(800, 3, 1, 'Aut velit maiores quia.', '2018-10-04 01:45:14', '2018-10-04 01:45:14'),
(801, 3, 4, 'Fugit consequatur suscipit nihil ipsa ut voluptatem.', '2018-10-19 07:13:25', '2018-10-19 07:13:25'),
(802, 33, 9, 'Beatae tempore dolorem ea illo sint.', '2018-10-15 10:44:42', '2018-10-15 10:44:42'),
(803, 57, 1, 'Neque deleniti qui laboriosam dolor explicabo aut molestias deserunt.', '2018-09-30 10:08:43', '2018-09-30 10:08:43'),
(804, 59, 5, 'Et impedit et natus nemo nam.', '2018-09-24 12:22:59', '2018-09-24 12:22:59'),
(805, 49, 7, 'Provident soluta rerum magni animi voluptas.', '2018-10-19 18:27:50', '2018-10-19 18:27:50'),
(806, 9, 9, 'Commodi rerum consequatur distinctio.', '2018-10-15 11:00:21', '2018-10-15 11:00:21'),
(807, 95, 9, 'Vel ab consectetur ipsum eligendi odit et itaque.', '2018-10-20 04:16:09', '2018-10-20 04:16:09'),
(808, 41, 5, 'Maxime molestias placeat consectetur dolor.', '2018-09-27 12:15:25', '2018-09-27 12:15:25'),
(809, 5, 7, 'Repellat minima ut debitis velit nulla pariatur cum earum.', '2018-10-05 22:02:06', '2018-10-05 22:02:06'),
(810, 79, 6, 'Ut dolor itaque ullam quisquam quo assumenda.', '2018-10-16 08:10:36', '2018-10-16 08:10:36'),
(811, 81, 4, 'Consequatur dicta accusamus ut alias ut molestiae distinctio.', '2018-10-16 10:14:16', '2018-10-16 10:14:16'),
(812, 37, 3, 'Nulla asperiores nisi repellendus quia pariatur neque sapiente.', '2018-09-30 16:17:32', '2018-09-30 16:17:32'),
(813, 74, 6, 'Et optio ea qui et.', '2018-10-09 13:07:06', '2018-10-09 13:07:06'),
(814, 24, 1, 'Quae ipsa qui voluptatibus deleniti rerum harum.', '2018-09-24 08:37:40', '2018-09-24 08:37:40'),
(815, 98, 9, 'Et soluta distinctio in magnam totam quia.', '2018-10-14 20:13:13', '2018-10-14 20:13:13'),
(816, 48, 8, 'Est dolor laborum error consequatur ut id facere.', '2018-10-07 22:58:08', '2018-10-07 22:58:08'),
(817, 45, 6, 'Et molestiae officiis doloremque blanditiis dignissimos.', '2018-10-09 23:12:40', '2018-10-09 23:12:40'),
(818, 9, 9, 'Corrupti dolor a quidem ut aut ut.', '2018-10-16 09:23:45', '2018-10-16 09:23:45'),
(819, 22, 2, 'Vel voluptas dolores omnis sunt nihil quia dolore odio.', '2018-10-01 23:29:01', '2018-10-01 23:29:01'),
(820, 45, 1, 'Maiores a incidunt molestias ea ut praesentium voluptatibus dolores.', '2018-10-12 09:10:21', '2018-10-12 09:10:21'),
(821, 76, 5, 'Velit vero sequi voluptatem nobis accusamus sed aperiam.', '2018-09-23 11:06:09', '2018-09-23 11:06:09'),
(822, 26, 4, 'Iste nihil neque officia deleniti.', '2018-10-04 17:57:51', '2018-10-04 17:57:51'),
(823, 8, 10, 'Harum molestiae saepe ut illum sapiente dolorem.', '2018-09-30 10:20:25', '2018-09-30 10:20:25'),
(824, 99, 2, 'Magnam eligendi autem sed corrupti excepturi.', '2018-10-09 16:54:44', '2018-10-09 16:54:44'),
(825, 22, 7, 'Et sint iure possimus praesentium eum ex.', '2018-10-12 14:32:23', '2018-10-12 14:32:23'),
(826, 7, 5, 'Omnis facilis et fugit aut et placeat nostrum.', '2018-09-25 01:45:01', '2018-09-25 01:45:01'),
(827, 98, 1, 'Repellendus consequuntur molestias amet.', '2018-09-23 21:40:32', '2018-09-23 21:40:32'),
(828, 61, 4, 'Impedit corrupti repudiandae cupiditate aliquam voluptas.', '2018-10-22 04:41:23', '2018-10-22 04:41:23'),
(829, 74, 6, 'Incidunt aut commodi fugit reprehenderit.', '2018-10-02 14:46:09', '2018-10-02 14:46:09'),
(830, 55, 7, 'Nesciunt ducimus assumenda fuga eum velit hic.', '2018-10-11 02:31:37', '2018-10-11 02:31:37'),
(831, 29, 8, 'Neque reiciendis ipsa qui hic in nesciunt.', '2018-09-25 06:51:37', '2018-09-25 06:51:37'),
(832, 28, 7, 'Mollitia esse veritatis et sed qui consequatur quod.', '2018-10-15 04:13:07', '2018-10-15 04:13:07'),
(833, 24, 4, 'Vitae cupiditate dolores doloribus voluptatum ratione facere.', '2018-10-12 02:26:30', '2018-10-12 02:26:30'),
(834, 63, 6, 'Architecto aut aliquam sunt perferendis dolore sit molestiae.', '2018-10-15 21:47:24', '2018-10-15 21:47:24'),
(835, 25, 3, 'Placeat deserunt omnis necessitatibus.', '2018-10-13 11:16:03', '2018-10-13 11:16:03'),
(836, 79, 9, 'Aspernatur earum mollitia velit quis.', '2018-10-21 05:40:55', '2018-10-21 05:40:55'),
(837, 77, 3, 'Velit tempora nesciunt assumenda nostrum architecto consequatur ratione.', '2018-09-30 00:53:10', '2018-09-30 00:53:10'),
(838, 88, 10, 'Fuga dicta facilis et dolor fugit quibusdam consectetur possimus.', '2018-09-23 22:55:40', '2018-09-23 22:55:40'),
(839, 20, 2, 'Aliquid consequatur officia minus magnam omnis.', '2018-10-08 08:37:01', '2018-10-08 08:37:01'),
(840, 25, 4, 'Quia molestiae quia deserunt corrupti qui distinctio.', '2018-10-01 00:55:54', '2018-10-01 00:55:54'),
(841, 75, 10, 'Adipisci unde blanditiis ipsa sint est ea.', '2018-09-23 09:56:37', '2018-09-23 09:56:37'),
(842, 70, 2, 'Libero aperiam voluptatibus molestiae illum sit libero molestiae id.', '2018-09-28 15:54:59', '2018-09-28 15:54:59'),
(843, 55, 7, 'Minima pariatur aspernatur cumque soluta non voluptatem.', '2018-10-18 02:43:24', '2018-10-18 02:43:24'),
(844, 24, 7, 'Voluptatibus eius consequatur quis.', '2018-10-03 01:01:08', '2018-10-03 01:01:08'),
(845, 100, 2, 'Nihil quasi quibusdam est quia maiores nostrum laborum consequatur.', '2018-10-15 09:26:38', '2018-10-15 09:26:38'),
(846, 82, 1, 'Cumque suscipit dolorem cumque omnis minus facilis qui.', '2018-10-22 07:25:22', '2018-10-22 07:25:22'),
(847, 84, 5, 'Vel in nisi tempore est.', '2018-09-29 13:48:16', '2018-09-29 13:48:16'),
(848, 12, 10, 'Sequi laudantium sed possimus tempora earum voluptate.', '2018-10-22 09:55:27', '2018-10-22 09:55:27'),
(849, 77, 10, 'Corporis deserunt doloribus ratione repellendus aut facere.', '2018-10-18 01:01:00', '2018-10-18 01:01:00'),
(850, 44, 4, 'Quibusdam dolores et quod inventore.', '2018-10-08 01:24:53', '2018-10-08 01:24:53'),
(851, 96, 7, 'Eligendi eos odio sunt sint sit et et deleniti.', '2018-10-14 04:22:48', '2018-10-14 04:22:48'),
(852, 43, 4, 'Reiciendis in sit laboriosam officiis et voluptate pariatur facere.', '2018-10-12 17:14:13', '2018-10-12 17:14:13'),
(853, 71, 9, 'Animi est qui officia officiis.', '2018-10-06 19:55:19', '2018-10-06 19:55:19'),
(854, 91, 5, 'Porro in culpa est placeat.', '2018-09-26 04:40:23', '2018-09-26 04:40:23'),
(855, 91, 9, 'Et in doloribus dolor ipsum enim.', '2018-09-28 15:47:19', '2018-09-28 15:47:19'),
(856, 2, 4, 'Dolorem eos dicta possimus consequatur aut eveniet nihil.', '2018-09-30 14:43:29', '2018-09-30 14:43:29'),
(857, 37, 8, 'Rerum corrupti ipsa et a fugiat hic.', '2018-10-21 12:53:47', '2018-10-21 12:53:47'),
(858, 72, 7, 'Suscipit totam excepturi id doloribus suscipit ipsa sunt.', '2018-10-01 23:48:40', '2018-10-01 23:48:40'),
(859, 13, 4, 'Libero voluptas ut harum perspiciatis sint.', '2018-10-18 20:41:46', '2018-10-18 20:41:46'),
(860, 25, 5, 'Aut accusantium occaecati expedita quasi.', '2018-10-22 04:14:53', '2018-10-22 04:14:53'),
(861, 55, 2, 'Tenetur aspernatur eum iure.', '2018-10-04 08:55:15', '2018-10-04 08:55:15'),
(862, 98, 3, 'Iste enim dolor exercitationem nemo excepturi ipsam.', '2018-10-18 06:55:36', '2018-10-18 06:55:36'),
(863, 44, 6, 'Laudantium enim enim eius necessitatibus repudiandae ea iure dolor.', '2018-10-14 10:45:03', '2018-10-14 10:45:03'),
(864, 76, 3, 'Unde occaecati consequatur voluptatem nemo.', '2018-10-21 22:38:04', '2018-10-21 22:38:04'),
(865, 28, 2, 'Rerum quidem explicabo optio fuga aliquid.', '2018-09-30 04:30:15', '2018-09-30 04:30:15'),
(866, 75, 10, 'Sed illo dolores iusto.', '2018-09-23 18:24:51', '2018-09-23 18:24:51'),
(867, 78, 3, 'Adipisci quo veniam aut neque.', '2018-10-15 10:58:37', '2018-10-15 10:58:37'),
(868, 8, 5, 'Eaque tempore magnam aliquam nemo fuga.', '2018-10-21 01:11:51', '2018-10-21 01:11:51'),
(869, 19, 6, 'Cupiditate ad totam sint deleniti molestiae unde.', '2018-10-03 06:11:41', '2018-10-03 06:11:41'),
(870, 72, 2, 'Laudantium quos molestiae modi.', '2018-10-09 21:04:23', '2018-10-09 21:04:23'),
(871, 1, 10, 'Iste suscipit dolores facere voluptatem enim culpa soluta dolorum.', '2018-10-19 14:50:49', '2018-10-19 14:50:49'),
(872, 60, 6, 'Non eos atque facere quae.', '2018-10-09 10:56:29', '2018-10-09 10:56:29'),
(873, 12, 6, 'Veritatis omnis fugit consequatur.', '2018-10-19 03:48:42', '2018-10-19 03:48:42'),
(874, 15, 2, 'Voluptatibus quae cum aspernatur quaerat.', '2018-10-15 03:53:31', '2018-10-15 03:53:31'),
(875, 79, 7, 'Ab a rem ea hic qui qui.', '2018-10-08 15:33:07', '2018-10-08 15:33:07'),
(876, 26, 8, 'Consequatur corrupti molestias ipsum quibusdam.', '2018-09-22 20:26:11', '2018-09-22 20:26:11'),
(877, 83, 2, 'Dicta doloremque dicta aut magni.', '2018-09-23 05:14:58', '2018-09-23 05:14:58'),
(878, 44, 10, 'Dolor aspernatur officia consequatur magni sequi quasi.', '2018-10-16 12:51:17', '2018-10-16 12:51:17'),
(879, 23, 4, 'Illo occaecati dolores sunt voluptatem ex odit ratione molestias.', '2018-10-07 19:53:15', '2018-10-07 19:53:15'),
(880, 29, 3, 'Incidunt neque id aut accusamus modi aliquid.', '2018-10-01 20:14:29', '2018-10-01 20:14:29'),
(881, 3, 3, 'Aut et nam voluptatem omnis.', '2018-10-08 02:31:54', '2018-10-08 02:31:54'),
(882, 34, 5, 'Delectus est a fugiat aperiam quasi.', '2018-10-05 13:53:31', '2018-10-05 13:53:31'),
(883, 93, 4, 'Assumenda soluta veniam quis nihil consequatur et.', '2018-09-26 17:19:30', '2018-09-26 17:19:30'),
(884, 93, 8, 'Nihil sunt ullam quaerat non velit in.', '2018-10-12 21:05:46', '2018-10-12 21:05:46'),
(885, 49, 10, 'Sit iusto officia eos ut dolorem eveniet eius quia.', '2018-10-01 03:02:49', '2018-10-01 03:02:49'),
(886, 8, 5, 'Tempore odit provident minus sunt at quaerat.', '2018-10-04 00:54:53', '2018-10-04 00:54:53'),
(887, 42, 4, 'Reiciendis omnis labore nobis vitae.', '2018-10-11 00:54:12', '2018-10-11 00:54:12'),
(888, 76, 6, 'Id quia quidem nulla voluptas tenetur itaque culpa.', '2018-10-10 18:05:15', '2018-10-10 18:05:15'),
(889, 18, 8, 'Nisi vel ducimus aperiam aspernatur.', '2018-09-30 02:45:27', '2018-09-30 02:45:27'),
(890, 33, 6, 'Modi cum repellendus et unde voluptates voluptatem quis.', '2018-10-20 14:21:58', '2018-10-20 14:21:58'),
(891, 47, 10, 'Hic ut vitae ullam aperiam tempora.', '2018-09-23 02:46:33', '2018-09-23 02:46:33'),
(892, 84, 9, 'Et officia amet amet odio a officia consequuntur.', '2018-10-05 01:39:30', '2018-10-05 01:39:30'),
(893, 37, 9, 'Ex consequatur ipsa atque corporis.', '2018-09-27 21:28:47', '2018-09-27 21:28:47'),
(894, 91, 8, 'Autem nam fugiat dolor eos eos.', '2018-10-04 13:07:37', '2018-10-04 13:07:37'),
(895, 85, 4, 'Eligendi et atque aut.', '2018-09-30 17:08:14', '2018-09-30 17:08:14'),
(896, 79, 9, 'Sunt nisi quo facere dignissimos odio consequuntur et.', '2018-10-02 01:45:28', '2018-10-02 01:45:28'),
(897, 7, 9, 'Autem fuga voluptates sint neque soluta id.', '2018-09-26 22:25:03', '2018-09-26 22:25:03'),
(898, 32, 9, 'Quo velit sapiente dolore qui.', '2018-10-19 04:23:20', '2018-10-19 04:23:20'),
(899, 74, 3, 'Aut vitae dolorum dolorum voluptatem repellat.', '2018-10-22 02:23:36', '2018-10-22 02:23:36'),
(900, 59, 3, 'Voluptatem nostrum eum ratione unde ducimus quae.', '2018-09-28 21:47:55', '2018-09-28 21:47:55'),
(901, 12, 8, 'Aut earum sint consectetur aut labore qui.', '2018-10-12 22:32:46', '2018-10-12 22:32:46'),
(902, 10, 1, 'Omnis soluta fuga et et iure.', '2018-09-27 12:04:33', '2018-09-27 12:04:33'),
(903, 34, 10, 'Minus minus nobis voluptas error cupiditate deleniti.', '2018-10-20 20:59:20', '2018-10-20 20:59:20'),
(904, 97, 8, 'Sit commodi iste beatae est vero dolorum.', '2018-09-30 17:02:51', '2018-09-30 17:02:51'),
(905, 97, 2, 'Ex impedit voluptate ea magni aspernatur ratione qui eum.', '2018-10-10 07:11:22', '2018-10-10 07:11:22'),
(906, 86, 6, 'Nobis est dolores officiis consequatur sit minus.', '2018-09-22 15:11:39', '2018-09-22 15:11:39'),
(907, 49, 9, 'Corporis quia nobis sint sint.', '2018-10-08 04:25:06', '2018-10-08 04:25:06'),
(908, 26, 4, 'Omnis sit libero blanditiis.', '2018-10-09 18:35:47', '2018-10-09 18:35:47'),
(909, 41, 5, 'Est et consequatur et laudantium libero aliquam.', '2018-09-30 12:02:25', '2018-09-30 12:02:25'),
(910, 82, 1, 'Consequatur sequi eaque in.', '2018-10-05 14:11:58', '2018-10-05 14:11:58'),
(911, 55, 4, 'Tenetur nobis rerum expedita.', '2018-10-05 10:16:38', '2018-10-05 10:16:38'),
(912, 49, 3, 'Et et voluptate voluptatem saepe dolor.', '2018-09-29 00:24:10', '2018-09-29 00:24:10'),
(913, 23, 9, 'Consequuntur aut et ut omnis.', '2018-09-24 03:44:25', '2018-09-24 03:44:25'),
(914, 6, 7, 'Voluptas dolor qui quae optio accusantium et voluptas nobis.', '2018-10-08 13:41:01', '2018-10-08 13:41:01'),
(915, 43, 7, 'Voluptatem culpa numquam quia eos aspernatur ab voluptatum et.', '2018-10-05 23:15:27', '2018-10-05 23:15:27'),
(916, 12, 6, 'Aut voluptatum quis placeat consequatur saepe.', '2018-09-28 10:22:36', '2018-09-28 10:22:36'),
(917, 100, 3, 'Atque animi excepturi occaecati et deleniti ipsum vel.', '2018-10-19 06:52:06', '2018-10-19 06:52:06'),
(918, 16, 10, 'Similique molestiae enim sapiente officia sit eum necessitatibus.', '2018-10-20 18:21:25', '2018-10-20 18:21:25'),
(919, 95, 1, 'Et ullam eligendi et ut eveniet.', '2018-10-11 01:29:53', '2018-10-11 01:29:53'),
(920, 99, 8, 'Aut ut ea itaque necessitatibus aut.', '2018-10-15 01:07:04', '2018-10-15 01:07:04'),
(921, 92, 1, 'Et voluptatem aut quas quod aut ab.', '2018-10-19 05:38:51', '2018-10-19 05:38:51'),
(922, 70, 8, 'Quia eaque vel asperiores tenetur ut aut neque.', '2018-10-12 12:35:59', '2018-10-12 12:35:59'),
(923, 66, 3, 'Officiis perferendis optio dolorem harum.', '2018-09-28 10:03:44', '2018-09-28 10:03:44'),
(924, 82, 8, 'Aut deserunt quia sed beatae sed dignissimos aliquam vitae.', '2018-09-23 17:37:39', '2018-09-23 17:37:39'),
(925, 10, 7, 'Optio ut non qui inventore eius et eveniet.', '2018-10-06 01:16:55', '2018-10-06 01:16:55'),
(926, 68, 2, 'Et id quaerat qui labore.', '2018-10-17 23:35:31', '2018-10-17 23:35:31'),
(927, 36, 1, 'Vero dicta laboriosam aspernatur repellendus repellat temporibus explicabo a.', '2018-10-11 03:41:35', '2018-10-11 03:41:35'),
(928, 14, 9, 'Maiores delectus libero blanditiis labore rem.', '2018-10-16 06:09:56', '2018-10-16 06:09:56'),
(929, 43, 9, 'Quia impedit est accusamus excepturi vitae.', '2018-10-10 11:44:43', '2018-10-10 11:44:43'),
(930, 47, 2, 'Reiciendis qui et dolor rem aspernatur sit.', '2018-10-12 10:08:15', '2018-10-12 10:08:15'),
(931, 1, 2, 'Omnis pariatur sunt sequi nesciunt.', '2018-10-01 23:07:29', '2018-10-01 23:07:29'),
(932, 61, 2, 'Nihil ea vitae maiores distinctio.', '2018-10-20 00:00:33', '2018-10-20 00:00:33'),
(933, 3, 1, 'Nesciunt magnam totam qui mollitia consequatur.', '2018-09-23 23:29:36', '2018-09-23 23:29:36'),
(934, 41, 9, 'Molestiae voluptas modi eius quisquam officiis nostrum non.', '2018-10-06 15:10:39', '2018-10-06 15:10:39'),
(935, 80, 1, 'Doloribus explicabo natus omnis laborum.', '2018-09-25 05:33:17', '2018-09-25 05:33:17'),
(936, 15, 4, 'Atque quia suscipit perferendis rerum est et.', '2018-10-02 05:44:08', '2018-10-02 05:44:08'),
(937, 45, 6, 'Eum molestias ab autem praesentium nemo praesentium accusantium.', '2018-09-27 01:05:54', '2018-09-27 01:05:54'),
(938, 24, 5, 'Dolores aliquam dolor itaque veritatis provident.', '2018-10-02 16:33:38', '2018-10-02 16:33:38'),
(939, 87, 8, 'Ipsam sapiente aut voluptatem quos.', '2018-10-14 20:28:10', '2018-10-14 20:28:10'),
(940, 32, 6, 'Et ab quia veniam dolore id voluptas in quae.', '2018-09-26 07:48:41', '2018-09-26 07:48:41'),
(941, 24, 2, 'Accusantium cupiditate ut dicta autem sed neque commodi.', '2018-10-06 19:54:32', '2018-10-06 19:54:32'),
(942, 46, 5, 'Autem alias aut voluptate voluptatem est.', '2018-10-13 10:35:07', '2018-10-13 10:35:07'),
(943, 66, 8, 'Consequatur praesentium voluptatibus sint nulla.', '2018-10-03 05:57:50', '2018-10-03 05:57:50'),
(944, 83, 10, 'Est porro velit hic distinctio vel dicta veritatis.', '2018-10-12 11:00:09', '2018-10-12 11:00:09'),
(945, 72, 10, 'Doloremque sequi eum ipsum recusandae natus et sed.', '2018-10-18 06:32:18', '2018-10-18 06:32:18'),
(946, 92, 8, 'Eos nam repudiandae ut maiores rerum rerum delectus.', '2018-10-05 22:38:36', '2018-10-05 22:38:36'),
(947, 96, 3, 'Hic officia unde excepturi unde ut distinctio esse.', '2018-10-17 21:58:55', '2018-10-17 21:58:55');
INSERT INTO `replies` (`id`, `topic_id`, `user_id`, `content`, `created_at`, `updated_at`) VALUES
(948, 13, 6, 'Consequatur dolores et minus rerum sunt neque.', '2018-10-08 03:35:46', '2018-10-08 03:35:46'),
(949, 32, 5, 'Quis eos hic illo vitae voluptatum nihil fugit.', '2018-10-09 02:21:02', '2018-10-09 02:21:02'),
(950, 23, 8, 'Ad quas accusantium error ipsum consequatur animi.', '2018-09-30 12:42:54', '2018-09-30 12:42:54'),
(951, 5, 8, 'Fugit perferendis dolorem provident ut officiis aut voluptatum.', '2018-10-21 04:05:55', '2018-10-21 04:05:55'),
(952, 5, 8, 'Vitae omnis optio ullam porro odio numquam quia.', '2018-10-20 16:07:55', '2018-10-20 16:07:55'),
(953, 21, 5, 'Quos numquam molestiae aut laudantium maiores molestiae.', '2018-10-18 22:28:12', '2018-10-18 22:28:12'),
(954, 8, 7, 'Ipsam minus repellat eius distinctio omnis ut.', '2018-10-11 14:48:09', '2018-10-11 14:48:09'),
(955, 19, 9, 'Repellendus id dolorem at totam ad exercitationem quaerat.', '2018-10-02 03:03:14', '2018-10-02 03:03:14'),
(956, 20, 5, 'Et et molestiae eaque voluptate laborum magnam ipsum.', '2018-10-02 00:27:20', '2018-10-02 00:27:20'),
(957, 27, 5, 'Dicta tempora voluptatem inventore minus molestias.', '2018-09-25 05:53:34', '2018-09-25 05:53:34'),
(958, 58, 6, 'Asperiores consequatur id natus id.', '2018-09-24 13:17:28', '2018-09-24 13:17:28'),
(959, 12, 6, 'Aut et modi non omnis sunt.', '2018-09-29 04:08:12', '2018-09-29 04:08:12'),
(960, 18, 9, 'Eos voluptas ut nobis praesentium consequatur explicabo.', '2018-10-02 04:27:02', '2018-10-02 04:27:02'),
(961, 61, 7, 'Ad excepturi voluptate eaque fugiat.', '2018-10-19 16:12:19', '2018-10-19 16:12:19'),
(962, 24, 3, 'Quas id explicabo facilis dolores nisi eligendi fugit.', '2018-09-22 19:29:35', '2018-09-22 19:29:35'),
(963, 88, 6, 'Earum dolor nemo ut voluptatem.', '2018-10-15 02:56:35', '2018-10-15 02:56:35'),
(964, 7, 5, 'Atque hic qui molestiae dolor.', '2018-10-16 01:40:37', '2018-10-16 01:40:37'),
(965, 42, 1, 'Provident sit sit et alias.', '2018-09-25 05:04:19', '2018-09-25 05:04:19'),
(966, 15, 2, 'Distinctio iusto vel esse.', '2018-09-27 21:10:04', '2018-09-27 21:10:04'),
(967, 12, 5, 'Aut maxime maiores quis vitae quis nihil.', '2018-10-16 09:25:06', '2018-10-16 09:25:06'),
(968, 50, 6, 'Est est dolor aperiam ut.', '2018-09-23 20:12:18', '2018-09-23 20:12:18'),
(969, 79, 6, 'Nihil enim blanditiis occaecati.', '2018-10-13 21:21:12', '2018-10-13 21:21:12'),
(970, 36, 10, 'Non beatae sint voluptate debitis consequatur quas.', '2018-10-18 15:25:16', '2018-10-18 15:25:16'),
(971, 67, 7, 'Doloremque aperiam et praesentium molestias beatae.', '2018-10-15 22:26:25', '2018-10-15 22:26:25'),
(972, 96, 5, 'Expedita earum consectetur aut eligendi non rem nam.', '2018-10-17 02:39:25', '2018-10-17 02:39:25'),
(973, 64, 7, 'Dignissimos nihil quo doloribus voluptatem.', '2018-09-30 20:49:14', '2018-09-30 20:49:14'),
(974, 2, 6, 'Natus vel magnam ut esse doloremque rerum odit minus.', '2018-10-08 10:12:18', '2018-10-08 10:12:18'),
(975, 51, 2, 'Occaecati cumque sint soluta exercitationem ut saepe.', '2018-10-17 11:07:37', '2018-10-17 11:07:37'),
(976, 84, 7, 'Harum autem occaecati voluptas consequuntur est ipsum.', '2018-09-23 01:29:00', '2018-09-23 01:29:00'),
(977, 21, 4, 'Et voluptas iusto eveniet.', '2018-10-18 17:31:51', '2018-10-18 17:31:51'),
(978, 61, 1, 'Quo tempore quidem voluptatem.', '2018-10-15 12:39:23', '2018-10-15 12:39:23'),
(979, 34, 3, 'Animi voluptas veritatis libero consectetur omnis voluptates accusamus.', '2018-10-07 03:21:43', '2018-10-07 03:21:43'),
(980, 66, 8, 'Corrupti autem quasi numquam quibusdam dolore.', '2018-10-04 17:44:49', '2018-10-04 17:44:49'),
(981, 9, 4, 'Natus fugiat beatae quaerat autem reiciendis.', '2018-10-03 17:30:14', '2018-10-03 17:30:14'),
(982, 97, 8, 'Fugiat enim tempore nemo qui.', '2018-10-07 18:20:35', '2018-10-07 18:20:35'),
(983, 23, 9, 'Veritatis totam veniam qui.', '2018-10-07 07:40:39', '2018-10-07 07:40:39'),
(984, 53, 3, 'Laboriosam quas qui in est omnis.', '2018-10-16 22:14:36', '2018-10-16 22:14:36'),
(985, 72, 3, 'Laboriosam soluta aspernatur temporibus ut.', '2018-10-09 20:24:01', '2018-10-09 20:24:01'),
(986, 2, 7, 'Voluptatem sit voluptates eligendi quas soluta voluptas.', '2018-09-27 19:36:47', '2018-09-27 19:36:47'),
(987, 97, 9, 'Maxime vel numquam dignissimos eveniet magni.', '2018-10-15 20:41:24', '2018-10-15 20:41:24'),
(988, 90, 9, 'Cumque esse natus voluptas porro sed.', '2018-09-24 00:24:38', '2018-09-24 00:24:38'),
(989, 40, 9, 'Sint sint et recusandae ipsam labore.', '2018-10-07 00:52:15', '2018-10-07 00:52:15'),
(990, 58, 6, 'Quas quod est et sapiente impedit.', '2018-10-18 14:24:06', '2018-10-18 14:24:06'),
(991, 50, 2, 'Rerum repudiandae inventore nisi et.', '2018-10-14 04:16:12', '2018-10-14 04:16:12'),
(992, 19, 2, 'Facere beatae rerum architecto qui explicabo qui non.', '2018-10-16 05:01:51', '2018-10-16 05:01:51'),
(993, 50, 4, 'Velit cumque autem vel eos.', '2018-09-25 08:14:55', '2018-09-25 08:14:55'),
(994, 84, 4, 'Odio quia ad impedit amet blanditiis et.', '2018-10-08 22:25:39', '2018-10-08 22:25:39'),
(995, 44, 9, 'Asperiores similique maxime libero dolorem totam nobis consequatur.', '2018-10-21 06:23:20', '2018-10-21 06:23:20'),
(996, 5, 1, 'Consequatur inventore in magnam sequi.', '2018-10-04 01:12:21', '2018-10-04 01:12:21'),
(997, 60, 6, 'In non corporis rerum perferendis vel sed nesciunt.', '2018-10-04 16:07:24', '2018-10-04 16:07:24'),
(998, 66, 6, 'Saepe distinctio voluptates quos sint et officiis maxime.', '2018-10-04 09:06:06', '2018-10-04 09:06:06'),
(999, 87, 4, 'Ipsa aliquid exercitationem ad sunt cupiditate dolore nisi.', '2018-10-04 22:53:02', '2018-10-04 22:53:02'),
(1000, 31, 3, 'Quaerat est maxime dignissimos tempora ullam.', '2018-09-30 14:27:28', '2018-09-30 14:27:28');

-- --------------------------------------------------------

--
-- 表的结构 `roles`
--

CREATE TABLE `roles` (
  `id` int(10) UNSIGNED NOT NULL,
  `name` varchar(255) COLLATE utf8mb4_unicode_ci NOT NULL,
  `guard_name` varchar(255) COLLATE utf8mb4_unicode_ci NOT NULL,
  `created_at` timestamp NULL DEFAULT NULL,
  `updated_at` timestamp NULL DEFAULT NULL
) ENGINE=InnoDB DEFAULT CHARSET=utf8mb4 COLLATE=utf8mb4_unicode_ci;

--
-- 转存表中的数据 `roles`
--

INSERT INTO `roles` (`id`, `name`, `guard_name`, `created_at`, `updated_at`) VALUES
(1, 'Founder', 'web', '2018-10-22 11:03:09', '2018-10-22 11:03:09'),
(2, 'Maintainer', 'web', '2018-10-22 11:03:09', '2018-10-22 11:03:09');

-- --------------------------------------------------------

--
-- 表的结构 `role_has_permissions`
--

CREATE TABLE `role_has_permissions` (
  `permission_id` int(10) UNSIGNED NOT NULL,
  `role_id` int(10) UNSIGNED NOT NULL
) ENGINE=InnoDB DEFAULT CHARSET=utf8mb4 COLLATE=utf8mb4_unicode_ci;

--
-- 转存表中的数据 `role_has_permissions`
--

INSERT INTO `role_has_permissions` (`permission_id`, `role_id`) VALUES
(1, 1),
(2, 1),
(3, 1),
(1, 2);

-- --------------------------------------------------------

--
-- 表的结构 `topics`
--

CREATE TABLE `topics` (
  `id` int(10) UNSIGNED NOT NULL,
  `title` varchar(100) COLLATE utf8mb4_unicode_ci NOT NULL,
  `body` text COLLATE utf8mb4_unicode_ci NOT NULL,
  `user_id` int(10) UNSIGNED NOT NULL,
  `category_id` int(10) UNSIGNED NOT NULL,
  `reply_count` int(10) UNSIGNED NOT NULL DEFAULT '0',
  `view_count` int(10) UNSIGNED NOT NULL DEFAULT '0',
  `last_reply_user_id` int(10) UNSIGNED NOT NULL DEFAULT '0',
  `order` int(10) UNSIGNED NOT NULL DEFAULT '0',
  `excerpt` text COLLATE utf8mb4_unicode_ci NOT NULL,
  `slug` varchar(255) COLLATE utf8mb4_unicode_ci DEFAULT NULL,
  `created_at` timestamp NULL DEFAULT NULL,
  `updated_at` timestamp NULL DEFAULT NULL
) ENGINE=InnoDB DEFAULT CHARSET=utf8mb4 COLLATE=utf8mb4_unicode_ci;

--
-- 转存表中的数据 `topics`
--

INSERT INTO `topics` (`id`, `title`, `body`, `user_id`, `category_id`, `reply_count`, `view_count`, `last_reply_user_id`, `order`, `excerpt`, `slug`, `created_at`, `updated_at`) VALUES
(1, 'Rerum quia non porro facere magni voluptatem.', 'Et blanditiis labore dolorem magni eos voluptate facere. Est dolorum debitis rerum quibusdam dolorem. Eius quisquam quae dolore et maxime omnis et asperiores.', 4, 4, 0, 0, 0, 0, 'Rerum quia non porro facere magni voluptatem.', NULL, '2018-09-26 00:29:51', '2018-09-27 10:42:39'),
(2, 'Reprehenderit fugit dolorem voluptatem esse.', 'Et architecto doloribus et error minus et non. Atque facilis iste odio ullam. Sunt quisquam animi ut non eveniet perferendis. Vel enim quia vel ea ea laboriosam.', 2, 2, 0, 0, 0, 0, 'Reprehenderit fugit dolorem voluptatem esse.', NULL, '2018-10-02 17:39:49', '2018-10-06 20:42:48'),
(3, 'Magnam aliquid aut nesciunt dolorum numquam distinctio.', 'Voluptas velit consequatur ut voluptas ipsum nihil quod optio. Ut sapiente similique voluptate id sequi optio eius. Occaecati aut ut amet quisquam qui et. Laborum neque accusamus fugiat.', 7, 4, 0, 0, 0, 0, 'Magnam aliquid aut nesciunt dolorum numquam distinctio.', NULL, '2018-09-25 06:14:34', '2018-10-02 14:11:06'),
(4, 'Quisquam qui qui quod.', 'Voluptatibus error ea qui dolor. Maiores magnam aut omnis recusandae veniam at voluptate. Voluptatem assumenda reprehenderit tempora illo necessitatibus. Fugiat illum est assumenda neque aliquid.', 1, 2, 0, 0, 0, 0, 'Quisquam qui qui quod.', NULL, '2018-09-23 01:20:55', '2018-09-27 08:31:10'),
(5, 'Placeat cupiditate libero pariatur qui fugit earum accusantium.', 'Labore qui corporis vel expedita facere pariatur quaerat. Iusto magnam iste tempora sed ipsa optio. Assumenda consequatur animi perspiciatis enim minima veniam.', 10, 2, 0, 0, 0, 0, 'Placeat cupiditate libero pariatur qui fugit earum accusantium.', NULL, '2018-10-04 06:34:49', '2018-10-07 12:05:01'),
(6, 'Voluptatem fugit sed quaerat nulla ea sint voluptate rerum.', 'Dolor est minus sed itaque voluptas minima. Dolor dolores aut qui commodi voluptatibus odit excepturi. Et nulla velit facilis explicabo sint. Asperiores sed autem consequatur vero.', 2, 4, 0, 0, 0, 0, 'Voluptatem fugit sed quaerat nulla ea sint voluptate rerum.', NULL, '2018-09-23 07:58:22', '2018-10-21 04:43:45'),
(7, 'Dicta aut vel quasi laudantium.', 'Quaerat totam provident maxime similique est non suscipit. Totam in iusto quia. Sit magnam odit ut cumque. Sunt ut ut explicabo molestiae quas dolores.', 2, 1, 0, 0, 0, 0, 'Dicta aut vel quasi laudantium.', NULL, '2018-09-23 05:11:01', '2018-09-23 09:09:34'),
(8, 'Sit est odit labore at molestiae dolorem occaecati.', 'Magnam esse est deserunt rerum. Laborum enim aspernatur qui qui.', 8, 3, 0, 0, 0, 0, 'Sit est odit labore at molestiae dolorem occaecati.', NULL, '2018-09-30 14:52:36', '2018-10-15 03:14:43'),
(9, 'Consequatur sed accusantium voluptas sunt.', 'Quia iusto veniam eius. Porro aliquid consequuntur sit est et itaque. Suscipit nostrum aut ex sapiente quis. Quam sit in eligendi quaerat dolorum veniam.', 5, 4, 0, 0, 0, 0, 'Consequatur sed accusantium voluptas sunt.', NULL, '2018-09-23 22:22:46', '2018-10-06 17:46:19'),
(10, 'Eum quos aliquam corporis quasi deleniti id saepe.', 'Nostrum nisi architecto quasi et. Omnis aliquid omnis voluptas id. Laboriosam dolorem porro doloribus maiores libero reiciendis magni cum. Rerum mollitia veniam eos sed sapiente.', 4, 1, 0, 0, 0, 0, 'Eum quos aliquam corporis quasi deleniti id saepe.', NULL, '2018-09-30 04:56:32', '2018-10-09 02:52:50'),
(11, 'Itaque consequuntur dolorem debitis omnis rem enim.', 'Tempore corrupti iusto totam. Placeat officiis qui officia consequuntur suscipit sit alias. Id non architecto commodi est deserunt. Sapiente eos facere ipsum autem ratione.', 3, 1, 0, 0, 0, 0, 'Itaque consequuntur dolorem debitis omnis rem enim.', NULL, '2018-09-27 09:18:51', '2018-09-28 15:18:55'),
(12, 'Doloremque enim quia itaque adipisci fugit non consequatur.', 'Eligendi minima necessitatibus illo aut. Dolore cum rerum et sed quia dolore atque. Deserunt non atque rerum dolores hic assumenda enim. Velit sint sint aliquid nihil.', 4, 4, 0, 0, 0, 0, 'Doloremque enim quia itaque adipisci fugit non consequatur.', NULL, '2018-09-23 12:43:43', '2018-10-05 04:43:48'),
(13, 'Fuga ut aut repellat optio.', 'Placeat non corporis error velit. Et laboriosam ea eos. Sit id et qui et. Sint omnis et officia. Nam harum commodi accusantium voluptatem quaerat excepturi. Qui sapiente ea aut omnis possimus.', 9, 1, 0, 0, 0, 0, 'Fuga ut aut repellat optio.', NULL, '2018-09-29 21:10:08', '2018-10-10 17:31:01'),
(14, 'Sit similique dolores consequatur incidunt.', 'Ut quo autem et est ea culpa ut. Explicabo non incidunt cupiditate beatae minima pariatur. Qui aut quod molestiae inventore ab ipsam ut.', 6, 4, 0, 0, 0, 0, 'Sit similique dolores consequatur incidunt.', NULL, '2018-09-28 14:13:48', '2018-10-08 14:13:15'),
(15, 'Iure laboriosam ipsa sed eum enim asperiores nam.', 'Consectetur exercitationem accusamus distinctio temporibus. Repudiandae expedita natus aut harum aut quidem similique. Aut quaerat neque corrupti. Et qui omnis tempora architecto accusantium et.', 2, 4, 0, 0, 0, 0, 'Iure laboriosam ipsa sed eum enim asperiores nam.', NULL, '2018-09-25 08:09:12', '2018-10-02 13:37:43'),
(16, 'Facere velit officiis cum deserunt voluptatum sapiente.', 'Officiis accusantium cupiditate et ipsa iste consequatur labore cumque. Enim adipisci quia voluptas aut non repudiandae. A architecto nam maxime veniam id consequatur iure. Delectus sit et in maxime.', 3, 1, 0, 0, 0, 0, 'Facere velit officiis cum deserunt voluptatum sapiente.', NULL, '2018-09-22 16:34:42', '2018-09-28 12:59:58'),
(17, 'Eius quia deserunt fuga eveniet labore rerum aliquam.', 'Nemo sunt est sed ut molestiae provident. Repellat hic occaecati labore deleniti deserunt unde amet. Enim quia reiciendis ex est vel eos.', 8, 2, 0, 0, 0, 0, 'Eius quia deserunt fuga eveniet labore rerum aliquam.', NULL, '2018-09-23 04:39:18', '2018-10-04 16:01:09'),
(18, 'Sed quod non earum suscipit doloribus.', 'Quia maiores sit officia voluptas et veritatis aut. Qui ut amet et in. Qui ipsam recusandae illum.', 7, 1, 0, 0, 0, 0, 'Sed quod non earum suscipit doloribus.', NULL, '2018-10-04 23:30:13', '2018-10-11 22:22:59'),
(19, 'Autem quaerat aut nulla deserunt sit.', 'Iste nobis tempore esse cum vitae aliquid. Deleniti harum molestiae sunt fuga ut. Animi quisquam maxime qui neque aspernatur vel sapiente.', 8, 2, 0, 0, 0, 0, 'Autem quaerat aut nulla deserunt sit.', NULL, '2018-09-24 06:41:01', '2018-09-25 16:42:23'),
(20, 'Repudiandae eos amet saepe nihil pariatur et.', 'Deleniti itaque nulla dolorem voluptas. Cum ratione sint quo aliquam illo et. Enim culpa est ullam voluptatum saepe deserunt ratione.', 5, 3, 0, 0, 0, 0, 'Repudiandae eos amet saepe nihil pariatur et.', NULL, '2018-10-02 21:54:48', '2018-10-09 13:38:27'),
(21, 'Sunt sed ut aut et consequatur.', 'Corrupti rerum tenetur nemo et. Neque in et explicabo sed debitis.', 1, 3, 0, 0, 0, 0, 'Sunt sed ut aut et consequatur.', NULL, '2018-10-07 09:50:10', '2018-10-17 21:57:57'),
(22, 'Omnis et saepe qui quo nihil.', 'Et consequuntur qui maiores in magnam. Est voluptatibus mollitia molestias nihil sed. Optio vitae rerum molestiae accusamus iste.', 3, 1, 0, 0, 0, 0, 'Omnis et saepe qui quo nihil.', NULL, '2018-09-23 05:37:42', '2018-09-25 02:13:47'),
(23, 'Eius et in ut distinctio.', 'Aliquid autem ut sunt est doloremque soluta. Esse impedit quia assumenda consequuntur occaecati est dolores doloremque. Architecto vel nihil voluptatem animi qui debitis illo.', 10, 4, 0, 0, 0, 0, 'Eius et in ut distinctio.', NULL, '2018-09-23 20:47:57', '2018-09-25 02:34:28'),
(24, 'Recusandae labore quia aut labore.', 'Nihil est et et aut natus. Pariatur voluptas et ratione qui. Similique est fugit fugiat omnis sed. Fugiat nostrum est expedita pariatur repellendus quae.', 4, 4, 0, 0, 0, 0, 'Recusandae labore quia aut labore.', NULL, '2018-10-09 10:55:54', '2018-10-12 02:29:10'),
(25, 'Nam expedita id cum error ut.', 'Hic commodi unde quam voluptas odio aut soluta. Atque quis sit eos dicta. Ut fuga animi perspiciatis perspiciatis veniam.', 9, 1, 0, 0, 0, 0, 'Nam expedita id cum error ut.', NULL, '2018-09-29 12:43:26', '2018-10-08 21:19:33'),
(26, 'Tempora quaerat aspernatur nostrum quos.', 'Omnis quia est incidunt in et. Soluta nobis vero esse sint. Fuga harum expedita atque iure impedit sunt repudiandae.', 10, 2, 0, 0, 0, 0, 'Tempora quaerat aspernatur nostrum quos.', NULL, '2018-09-29 00:57:23', '2018-10-05 13:16:49'),
(27, 'Aut quis hic deserunt.', 'Distinctio minus ea voluptates porro. Quas doloremque a autem nostrum. Sequi aut est veniam doloremque qui ut deserunt eligendi. Illo velit voluptatem voluptatum eveniet dolorum.', 5, 4, 0, 0, 0, 0, 'Aut quis hic deserunt.', NULL, '2018-10-07 09:50:53', '2018-10-15 08:42:26'),
(28, 'Sit dolorem ipsam ducimus nesciunt aspernatur.', 'Repudiandae ducimus temporibus dolore consequuntur voluptatum veniam. Saepe et quod itaque ad corrupti deserunt debitis. Aut eaque ut odio dolorem. Voluptatem ut vero aut similique.', 4, 4, 0, 0, 0, 0, 'Sit dolorem ipsam ducimus nesciunt aspernatur.', NULL, '2018-09-24 08:44:45', '2018-09-28 00:14:42'),
(29, 'Itaque occaecati debitis delectus repellat.', 'Qui hic perspiciatis necessitatibus qui possimus dignissimos porro similique. In voluptas sapiente suscipit ipsum temporibus sit. Et perspiciatis fugiat laudantium magni.', 6, 2, 0, 0, 0, 0, 'Itaque occaecati debitis delectus repellat.', NULL, '2018-09-24 05:51:24', '2018-09-24 09:12:48'),
(30, 'Voluptas labore id veniam quasi dolores qui.', 'Dolor error animi porro autem placeat commodi perspiciatis cumque. Eligendi neque omnis ex consequatur suscipit.', 8, 2, 0, 0, 0, 0, 'Voluptas labore id veniam quasi dolores qui.', NULL, '2018-09-27 23:31:17', '2018-10-06 03:55:06'),
(31, 'Voluptates nisi reiciendis soluta exercitationem qui maiores facilis.', 'Quasi assumenda rerum qui fugit consequatur quia placeat. Non dignissimos ipsa non enim omnis amet id. Perspiciatis autem aut praesentium non quod voluptatum.', 3, 1, 0, 0, 0, 0, 'Voluptates nisi reiciendis soluta exercitationem qui maiores facilis.', NULL, '2018-09-28 13:57:53', '2018-09-29 12:03:47'),
(32, 'Eum placeat laudantium temporibus quia.', 'Ut amet fuga sunt consequatur et quaerat eveniet at. Incidunt veniam odio exercitationem impedit rerum quo aut ut. Itaque inventore dolore architecto aliquid ea. Ipsa velit rem nobis cupiditate sit.', 3, 3, 0, 0, 0, 0, 'Eum placeat laudantium temporibus quia.', NULL, '2018-10-03 02:01:01', '2018-10-20 03:46:13'),
(33, 'Ex velit modi neque nihil.', 'Provident quis aliquam ipsam reprehenderit corrupti exercitationem. Quis perspiciatis ducimus et. Eum animi quas dolorem dolorem magnam. Eveniet pariatur qui aut est consequatur quia velit vitae.', 9, 3, 0, 0, 0, 0, 'Ex velit modi neque nihil.', NULL, '2018-09-22 19:35:36', '2018-09-24 11:43:54'),
(34, 'Reprehenderit omnis adipisci et unde.', 'Est dolorem error et facere numquam. Eum sequi perspiciatis molestiae explicabo aperiam quis at. Qui voluptatem illum voluptatum.', 5, 4, 0, 0, 0, 0, 'Reprehenderit omnis adipisci et unde.', NULL, '2018-09-24 22:18:53', '2018-10-21 00:59:37'),
(35, 'Omnis nesciunt rerum numquam saepe cupiditate enim.', 'Modi ipsa consequatur iusto sint. Eaque rerum fuga delectus quisquam. Vel in est veritatis quos a ut ea tempore.', 10, 1, 0, 0, 0, 0, 'Omnis nesciunt rerum numquam saepe cupiditate enim.', NULL, '2018-09-23 10:10:03', '2018-09-28 13:52:44'),
(36, 'Quas voluptas vitae perspiciatis ut omnis provident cupiditate provident.', 'Dignissimos quia delectus voluptatum doloribus. Culpa nesciunt hic et fugit voluptate. Suscipit repellat a optio consequatur.', 6, 2, 0, 0, 0, 0, 'Quas voluptas vitae perspiciatis ut omnis provident cupiditate provident.', NULL, '2018-10-04 22:57:29', '2018-10-06 01:27:04'),
(37, 'Non qui ut sit distinctio est recusandae.', 'Et nihil molestias inventore non odit ab delectus. A molestias saepe non quisquam laborum numquam tenetur quidem. Fugiat vel adipisci numquam aperiam molestiae rerum. Non sequi impedit consequatur.', 5, 2, 0, 0, 0, 0, 'Non qui ut sit distinctio est recusandae.', NULL, '2018-10-06 09:14:57', '2018-10-13 10:20:37'),
(38, 'Sequi sed quasi non voluptatem veniam dignissimos sit.', 'At dignissimos et beatae non inventore. Sequi molestias repellendus nihil ut. Nihil repellendus voluptas omnis officiis neque vel. Perspiciatis dolorem enim consequuntur.', 7, 2, 0, 0, 0, 0, 'Sequi sed quasi non voluptatem veniam dignissimos sit.', NULL, '2018-09-28 11:21:27', '2018-10-04 13:28:24'),
(39, 'Quasi consequatur corrupti doloribus nihil.', 'Id itaque est non est. Fuga corrupti voluptatum aut nam est et ut. Aut at consequuntur assumenda consequatur omnis soluta. Voluptatem et est id fugiat ipsum.', 8, 4, 0, 0, 0, 0, 'Quasi consequatur corrupti doloribus nihil.', NULL, '2018-10-09 14:34:19', '2018-10-16 17:51:12'),
(40, 'Eum provident sunt qui nobis delectus voluptatibus.', 'Consequatur sit laborum fugit dolores sit magni et. Rerum ipsum qui qui.', 5, 4, 0, 0, 0, 0, 'Eum provident sunt qui nobis delectus voluptatibus.', NULL, '2018-10-13 18:34:45', '2018-10-14 08:11:56'),
(41, 'Est est placeat quidem ut.', 'Et placeat omnis aut quam. Saepe et ex ut quaerat possimus recusandae. Illum magni aut quo debitis.', 1, 4, 0, 0, 0, 0, 'Est est placeat quidem ut.', NULL, '2018-09-30 14:48:19', '2018-10-04 17:02:40'),
(42, 'Facere in eos omnis rem aperiam.', 'Enim non beatae sapiente numquam velit eos. Dignissimos voluptatibus enim voluptatem ullam ducimus qui. Odio soluta dolorum enim dignissimos cumque repudiandae nam.', 4, 3, 0, 0, 0, 0, 'Facere in eos omnis rem aperiam.', NULL, '2018-09-27 04:41:25', '2018-10-16 03:24:10'),
(43, 'A ut assumenda similique aliquid quo laboriosam.', 'Eveniet et facere et ipsam sed. Esse sed rerum soluta molestiae exercitationem error nulla ex. Minima officiis omnis odio officia saepe.', 10, 2, 0, 0, 0, 0, 'A ut assumenda similique aliquid quo laboriosam.', NULL, '2018-10-09 17:51:51', '2018-10-16 10:34:02'),
(44, 'Sapiente iure voluptatem velit aperiam dolorum iure eaque.', 'Ducimus sed numquam molestiae minima consequuntur quia sit voluptates. Rem aliquam sit qui aut repellat. Itaque tempore autem eum aliquid delectus commodi. Illo quia magni expedita excepturi.', 8, 3, 0, 0, 0, 0, 'Sapiente iure voluptatem velit aperiam dolorum iure eaque.', NULL, '2018-10-05 15:46:24', '2018-10-09 08:18:30'),
(45, 'Quibusdam quasi delectus ut.', 'Et iste quas voluptatum officiis. Necessitatibus nam omnis qui id vero alias. Ea dolor numquam odit qui nemo temporibus. Illo nam aliquid maxime at consequatur sed pariatur.', 2, 1, 0, 0, 0, 0, 'Quibusdam quasi delectus ut.', NULL, '2018-09-26 02:13:30', '2018-09-26 16:23:22'),
(46, 'Aut et eligendi qui.', 'Nisi tempora dolorum voluptatum ad architecto ut a. Provident hic nesciunt officiis quo eos deserunt. Quia corporis id quis quas rerum ratione.', 9, 4, 0, 0, 0, 0, 'Aut et eligendi qui.', NULL, '2018-10-01 21:19:29', '2018-10-09 13:59:33'),
(47, 'Dolorem voluptatem voluptatibus expedita ullam fugit delectus.', 'Qui delectus corrupti adipisci blanditiis. Necessitatibus voluptatibus dignissimos ut fugit. Id aut harum dolore sit aliquid quia. Explicabo et dolor qui harum voluptatem.', 1, 4, 0, 0, 0, 0, 'Dolorem voluptatem voluptatibus expedita ullam fugit delectus.', NULL, '2018-09-23 17:39:42', '2018-09-25 16:00:15'),
(48, 'Non in impedit nisi ipsam dolorem sed et.', 'Unde rerum dolore ipsum et doloremque consequatur consequatur et. Labore aut mollitia est labore ratione. Ut eum est eaque iste ea.', 8, 4, 0, 0, 0, 0, 'Non in impedit nisi ipsam dolorem sed et.', NULL, '2018-09-27 06:15:57', '2018-10-08 13:20:03'),
(49, 'Est fuga sit occaecati illum cupiditate.', 'Error quia qui voluptatem natus aliquam repudiandae culpa. Alias vel aut soluta. Et dolorem consequatur asperiores qui sed. Illo eum vitae nam et quo accusamus quidem.', 6, 3, 0, 0, 0, 0, 'Est fuga sit occaecati illum cupiditate.', NULL, '2018-09-22 23:59:42', '2018-09-24 05:47:37'),
(50, 'Aut quidem maiores delectus ab et earum.', 'Et ipsam ut necessitatibus. Dignissimos quaerat voluptates itaque perferendis numquam impedit. Consequatur voluptas quia optio aliquam ducimus suscipit suscipit.', 7, 1, 0, 0, 0, 0, 'Aut quidem maiores delectus ab et earum.', NULL, '2018-10-05 09:13:06', '2018-10-11 02:46:19'),
(51, 'Eos deleniti eum dignissimos.', 'Est adipisci maxime eos. Laborum officiis asperiores voluptatum eos. Ea id veritatis odio a repudiandae. Quis ut est doloremque facilis eum.', 6, 1, 0, 0, 0, 0, 'Eos deleniti eum dignissimos.', NULL, '2018-09-30 21:45:40', '2018-10-18 23:31:15'),
(52, 'Architecto magni mollitia dolores impedit quo vitae.', 'Aliquid in odio in sit veritatis magni. Omnis adipisci porro provident velit. Animi numquam vitae ex quisquam.', 8, 3, 0, 0, 0, 0, 'Architecto magni mollitia dolores impedit quo vitae.', NULL, '2018-10-09 11:28:15', '2018-10-16 04:40:21'),
(53, 'Sint provident enim iusto temporibus neque autem omnis.', 'Ullam ea cumque nam omnis culpa amet. Esse rerum et ratione. Non officiis quisquam asperiores quas pariatur doloribus.', 9, 2, 0, 0, 0, 0, 'Sint provident enim iusto temporibus neque autem omnis.', NULL, '2018-09-22 23:26:53', '2018-09-23 02:06:57'),
(54, 'Totam distinctio et inventore pariatur.', 'Alias enim minus ipsam et ut soluta nihil. Incidunt sed aut earum qui libero. Est rerum laboriosam aliquam molestias consequuntur laudantium. Tenetur ut aliquam asperiores corrupti blanditiis nulla.', 7, 2, 0, 0, 0, 0, 'Totam distinctio et inventore pariatur.', NULL, '2018-10-12 16:14:12', '2018-10-12 23:41:49'),
(55, 'Ex est incidunt officiis.', 'Eaque hic molestias aliquam animi perspiciatis voluptas. Aspernatur temporibus possimus sed. At sunt rerum iste magnam quod voluptatem quam facilis.', 10, 4, 0, 0, 0, 0, 'Ex est incidunt officiis.', NULL, '2018-09-23 07:19:03', '2018-09-26 19:03:53'),
(56, 'Eos commodi aperiam quia voluptatem autem.', 'Pariatur quas qui quod. Perferendis tempora vero ut ab suscipit. Sit velit corporis aut aliquam blanditiis aut natus. Molestias corporis rerum error neque aut fugit dolor.', 3, 3, 0, 0, 0, 0, 'Eos commodi aperiam quia voluptatem autem.', NULL, '2018-10-01 16:26:20', '2018-10-13 09:14:14'),
(57, 'Facilis molestias autem dolorem modi ea aut.', 'Voluptate enim sunt et sed quae dolores earum. Quam et accusamus maiores. Tempora vitae consequuntur voluptas consectetur qui aut nesciunt.', 3, 2, 0, 0, 0, 0, 'Facilis molestias autem dolorem modi ea aut.', NULL, '2018-10-02 17:09:54', '2018-10-12 03:49:36'),
(58, 'Totam dolores repellat voluptatum vitae.', 'Assumenda a et est est repellendus perspiciatis. Consequatur quis eos culpa sint totam. Ipsa necessitatibus excepturi modi.', 1, 2, 0, 0, 0, 0, 'Totam dolores repellat voluptatum vitae.', NULL, '2018-09-28 12:26:23', '2018-09-29 15:53:14'),
(59, 'Architecto facilis ullam qui.', 'Dolorem illum hic laboriosam omnis ut. Maxime nostrum dolor laudantium accusamus. Et beatae at ab non nihil magni.', 4, 3, 0, 0, 0, 0, 'Architecto facilis ullam qui.', NULL, '2018-10-01 03:42:46', '2018-10-17 20:38:38'),
(60, 'Nemo ut consequatur quas aliquam ut quasi natus non.', 'Velit sapiente vero molestias veniam. Magnam asperiores repellat rem eum quia. Voluptatem temporibus reiciendis amet iste quam quo rerum. Non cumque voluptas maxime est quis ea itaque.', 2, 4, 0, 0, 0, 0, 'Nemo ut consequatur quas aliquam ut quasi natus non.', NULL, '2018-09-22 15:32:04', '2018-09-23 18:16:46'),
(61, 'Quia et adipisci quia quo.', 'Nemo optio sunt rerum qui in exercitationem ab. Quia quia dolore ut quo ex. Eius animi ut harum officia quaerat. Facere voluptatem sed aut nihil nostrum asperiores magni.', 5, 3, 0, 0, 0, 0, 'Quia et adipisci quia quo.', NULL, '2018-10-14 18:33:48', '2018-10-15 18:21:13'),
(62, 'Consequuntur voluptatem aut modi.', 'Veritatis qui dolorem dolores recusandae est. Eveniet rerum vel ut voluptas vel. Id molestias perspiciatis ratione occaecati dolorem.', 2, 2, 0, 0, 0, 0, 'Consequuntur voluptatem aut modi.', NULL, '2018-09-27 05:58:04', '2018-10-08 11:13:50'),
(63, 'Fugiat eius qui nesciunt tempore minus quae voluptates voluptatem.', 'Sunt velit occaecati tempore sint dolores fugiat totam. Sit at eaque eum amet consequuntur qui ut. Qui non et quia ut.', 3, 1, 0, 0, 0, 0, 'Fugiat eius qui nesciunt tempore minus quae voluptates voluptatem.', NULL, '2018-09-24 12:44:13', '2018-09-25 13:05:54'),
(64, 'Perspiciatis autem aut at in neque voluptate exercitationem.', 'Dicta illo ut ut voluptatem. Iusto a explicabo ut illo molestias dolores dolorum autem. Accusantium quo eligendi accusantium tenetur. Magni consequatur nihil in id molestiae enim quis.', 9, 3, 0, 0, 0, 0, 'Perspiciatis autem aut at in neque voluptate exercitationem.', NULL, '2018-09-29 10:03:56', '2018-10-10 19:32:33'),
(65, 'Esse natus alias est eligendi nisi mollitia odio.', 'Qui impedit quia eius veniam autem. Quibusdam autem et nihil asperiores qui aut. Animi ut quo itaque repudiandae quas qui fugiat aut.', 7, 4, 0, 0, 0, 0, 'Esse natus alias est eligendi nisi mollitia odio.', NULL, '2018-10-03 06:13:20', '2018-10-08 16:46:26'),
(66, 'Esse sed veniam officiis similique incidunt aut.', 'Accusamus laborum qui dolorem mollitia ea. Odit excepturi id alias aut dignissimos et. Quibusdam velit ea dolor eos.', 4, 3, 0, 0, 0, 0, 'Esse sed veniam officiis similique incidunt aut.', NULL, '2018-10-19 07:26:16', '2018-10-20 06:44:41'),
(67, 'Id occaecati aut laboriosam molestiae fuga totam consectetur.', 'Magni dolorem esse itaque praesentium. Temporibus non pariatur impedit ut. Laudantium dolores deserunt incidunt id.', 10, 4, 0, 0, 0, 0, 'Id occaecati aut laboriosam molestiae fuga totam consectetur.', NULL, '2018-10-12 16:16:56', '2018-10-18 16:20:14'),
(68, 'Voluptatem voluptatem impedit tempore repellendus excepturi tempore consequatur.', 'Doloribus quis aut et inventore. Quas quo minus vel aut ab nostrum officia. Sunt iusto optio vero corporis ut. Reprehenderit minus debitis maiores minima consequatur reiciendis.', 2, 3, 0, 0, 0, 0, 'Voluptatem voluptatem impedit tempore repellendus excepturi tempore consequatur.', NULL, '2018-09-23 10:18:32', '2018-09-23 11:44:38'),
(69, 'Facere itaque tenetur eos et.', 'Unde molestiae at incidunt qui. Et asperiores eaque assumenda blanditiis. Hic veniam odit molestias quasi quas similique voluptate. Aut nulla ut odit blanditiis sit delectus est incidunt.', 6, 1, 0, 0, 0, 0, 'Facere itaque tenetur eos et.', NULL, '2018-09-30 16:59:18', '2018-10-11 10:22:58'),
(70, 'Praesentium aut ut non qui.', 'Reiciendis illum esse laborum. Omnis tempore est nihil est eligendi aut fuga. Est quia possimus est quod. Veniam et blanditiis a quo similique omnis et.', 7, 3, 0, 0, 0, 0, 'Praesentium aut ut non qui.', NULL, '2018-09-23 18:25:14', '2018-09-25 03:48:13'),
(71, 'Ut assumenda quia minus quia temporibus.', 'Omnis sit esse voluptatem veniam ratione provident unde. Consequatur culpa et corrupti eum non molestiae laborum. Rerum saepe qui doloremque. Quasi a veritatis quo eaque.', 3, 1, 0, 0, 0, 0, 'Ut assumenda quia minus quia temporibus.', NULL, '2018-09-23 04:20:36', '2018-09-24 04:51:47'),
(72, 'Explicabo magnam et fugiat dolore quos voluptatem enim.', 'Iusto laborum quo repellat iste. Corrupti itaque magni aut sit mollitia ducimus. Laboriosam in porro quod fuga natus quam soluta dolores.', 3, 2, 0, 0, 0, 0, 'Explicabo magnam et fugiat dolore quos voluptatem enim.', NULL, '2018-09-22 21:17:52', '2018-09-24 08:57:37'),
(73, 'Accusantium quos necessitatibus esse.', 'Repudiandae provident dolor temporibus minima. Pariatur ut quibusdam architecto est. Ipsum molestias fugit natus sunt est rem libero. Eius id eius non velit.', 2, 1, 0, 0, 0, 0, 'Accusantium quos necessitatibus esse.', NULL, '2018-09-22 19:02:01', '2018-10-09 12:33:36'),
(74, 'Repellat et error pariatur autem.', 'Vitae qui et magni natus eum iste. Ipsam ut est omnis. Et aspernatur reiciendis omnis accusamus ut.', 5, 1, 0, 0, 0, 0, 'Repellat et error pariatur autem.', NULL, '2018-09-24 20:08:05', '2018-09-26 01:47:29'),
(75, 'Corporis repellat voluptatem accusantium recusandae deserunt commodi odio nihil.', 'Aspernatur cupiditate a sed temporibus ratione quo tempore. Et doloremque dolor eius provident ratione et. Id voluptas explicabo commodi qui. Sint quia omnis sit laborum sed et voluptatum animi.', 3, 1, 0, 0, 0, 0, 'Corporis repellat voluptatem accusantium recusandae deserunt commodi odio nihil.', NULL, '2018-09-26 04:09:42', '2018-09-27 03:41:17'),
(76, 'Corrupti sit similique ut nihil aut quam numquam.', 'Eius dolor omnis et ut. Eum praesentium voluptatem dolor consequuntur possimus. Eveniet cum et tenetur quasi molestiae omnis.', 3, 1, 0, 0, 0, 0, 'Corrupti sit similique ut nihil aut quam numquam.', NULL, '2018-09-22 15:28:53', '2018-10-16 18:48:23'),
(77, 'Totam asperiores rem accusantium optio quia.', 'Rem rerum quos earum in animi magni. Est id vitae fuga consectetur.', 7, 1, 0, 0, 0, 0, 'Totam asperiores rem accusantium optio quia.', NULL, '2018-10-05 18:48:38', '2018-10-20 03:21:15'),
(78, 'At ipsam aut velit excepturi impedit.', 'Facilis omnis in est dolore ipsam necessitatibus illum. Corporis ea aut aliquid eos est libero est. Est blanditiis autem in est omnis. Consequuntur incidunt cum recusandae est.', 2, 2, 0, 0, 0, 0, 'At ipsam aut velit excepturi impedit.', NULL, '2018-09-22 12:25:52', '2018-09-22 22:48:36'),
(79, 'Ipsum non qui non officiis sed vel.', 'Quo dolor consectetur est ab. Sunt et nesciunt totam. Quia perspiciatis voluptatem quos in eius quia architecto. Quod quisquam unde deserunt eum.', 8, 1, 0, 0, 0, 0, 'Ipsum non qui non officiis sed vel.', NULL, '2018-09-22 15:42:14', '2018-10-03 19:01:35'),
(80, 'Ut explicabo occaecati amet maiores.', 'Amet repellendus vel esse voluptas voluptas. Et harum quaerat voluptatum repellendus. Vel quibusdam voluptatem provident aut vel et dolorem.', 2, 4, 0, 0, 0, 0, 'Ut explicabo occaecati amet maiores.', NULL, '2018-09-30 09:14:01', '2018-10-22 06:48:24'),
(81, 'Enim architecto ut animi repellendus accusamus.', 'Cum quo harum debitis aliquid quisquam. Ratione non non et amet laboriosam. Omnis iusto et porro vel. Accusamus rerum sint ad nihil minima.', 5, 3, 0, 0, 0, 0, 'Enim architecto ut animi repellendus accusamus.', NULL, '2018-09-23 16:00:25', '2018-09-27 22:41:49'),
(82, 'Voluptatum dicta aut voluptatibus enim maiores qui repellat eum.', 'Voluptas iste quia voluptates et eaque et voluptatem. Quia omnis voluptates laudantium nisi. Qui et sunt recusandae quidem qui eaque repudiandae.', 6, 1, 0, 0, 0, 0, 'Voluptatum dicta aut voluptatibus enim maiores qui repellat eum.', NULL, '2018-09-24 18:59:41', '2018-09-28 09:29:58'),
(83, 'Accusamus aliquid consequuntur similique asperiores non quae possimus.', 'Aut sapiente qui et laboriosam quaerat voluptates et minus. Fugit animi provident corporis. Aut velit delectus rerum.', 5, 3, 0, 0, 0, 0, 'Accusamus aliquid consequuntur similique asperiores non quae possimus.', NULL, '2018-09-29 18:08:58', '2018-10-16 12:23:14'),
(84, 'Beatae sequi maxime in velit repellendus natus modi praesentium.', 'Quaerat et adipisci vel ipsa sequi. Tenetur a voluptatum consequuntur molestiae eum et. Omnis veritatis omnis quos et qui. Ab hic est illo.', 5, 3, 0, 0, 0, 0, 'Beatae sequi maxime in velit repellendus natus modi praesentium.', NULL, '2018-09-22 21:05:46', '2018-09-24 06:43:54'),
(85, 'Amet odio eligendi quia.', 'Atque quidem aut nemo et nam laborum. Vel minima perferendis recusandae voluptatem et. Laboriosam aspernatur aut beatae. Sed reprehenderit ut deserunt aut excepturi voluptas magni.', 7, 1, 0, 0, 0, 0, 'Amet odio eligendi quia.', NULL, '2018-09-26 02:29:34', '2018-10-06 01:27:39'),
(86, 'Expedita et dolore voluptas ea.', 'Praesentium quidem quae quia. Exercitationem voluptatem quisquam et quisquam officia omnis. Aliquid ratione vel et quo. Non sint aut similique impedit quis autem. Quae est aut quo in fugit.', 2, 3, 0, 0, 0, 0, 'Expedita et dolore voluptas ea.', NULL, '2018-09-26 02:52:11', '2018-09-27 03:36:11'),
(87, 'Neque repellendus impedit ut alias voluptatem fugiat.', 'Incidunt eum aut voluptas magni officia doloremque. Voluptate vel minima temporibus nihil in et quo voluptatem. Consequatur inventore alias quia qui. Corporis libero fuga similique.', 10, 1, 0, 0, 0, 0, 'Neque repellendus impedit ut alias voluptatem fugiat.', NULL, '2018-10-05 03:41:32', '2018-10-05 11:36:02'),
(88, 'Adipisci laudantium quod quia sint mollitia dolor.', 'Quis est rerum quam fugiat consequatur. Et est ut in et quia doloremque. Qui illum ex adipisci omnis illo veritatis. Rerum quod aliquam dolore qui placeat vitae consequatur.', 9, 2, 0, 0, 0, 0, 'Adipisci laudantium quod quia sint mollitia dolor.', NULL, '2018-09-23 21:46:43', '2018-09-27 00:59:04'),
(89, 'Soluta quis cupiditate labore dolorem eum ut.', 'Rerum veritatis quis qui vel reprehenderit minima et quia. Voluptas veritatis voluptatibus in quis expedita aliquam quia. Velit dolorum et eligendi nihil. Accusamus ipsa aliquam voluptates et ad est.', 4, 1, 0, 0, 0, 0, 'Soluta quis cupiditate labore dolorem eum ut.', NULL, '2018-10-02 23:13:04', '2018-10-12 10:41:56'),
(90, 'Vitae reiciendis soluta recusandae dolorum.', 'Soluta qui sequi eaque eveniet rerum officia. Ipsum et rerum id corporis hic dolores. Accusamus illum et molestiae debitis sit veritatis enim dolorem.', 2, 4, 0, 0, 0, 0, 'Vitae reiciendis soluta recusandae dolorum.', NULL, '2018-09-28 05:48:40', '2018-10-18 05:44:52'),
(91, 'Consequuntur non culpa sint inventore deleniti qui fugit.', 'Ipsam voluptate eos est quisquam quidem. Magni eum et eaque. Dolor cumque repellendus iusto sequi quis ducimus.', 9, 3, 0, 0, 0, 0, 'Consequuntur non culpa sint inventore deleniti qui fugit.', NULL, '2018-10-03 11:59:42', '2018-10-10 16:00:16'),
(92, 'Optio veritatis in eum eos.', 'Rem possimus debitis voluptatum totam ut occaecati. Facilis provident totam et voluptatem qui nam. Quo qui ut libero eos impedit et. Aut quas qui est et ab.', 7, 1, 0, 0, 0, 0, 'Optio veritatis in eum eos.', NULL, '2018-10-07 20:47:55', '2018-10-12 10:51:39'),
(93, 'Unde magnam cumque non.', 'Illum cupiditate quisquam aut cupiditate nesciunt autem. Consectetur temporibus vitae eius id est eos. Dignissimos vel facilis sint et aut qui. Quae non qui asperiores magnam maiores sunt voluptates.', 4, 2, 0, 0, 0, 0, 'Unde magnam cumque non.', NULL, '2018-09-23 13:03:42', '2018-09-23 17:40:37'),
(94, 'Iste natus nulla ut fugiat.', 'Ut aut ut voluptas reiciendis ut est. Dolore provident autem voluptate quam. Sit quia assumenda at id pariatur et omnis. Expedita officiis cumque vel nobis sunt animi ducimus.', 10, 1, 0, 0, 0, 0, 'Iste natus nulla ut fugiat.', NULL, '2018-09-23 21:00:13', '2018-10-17 09:30:33'),
(95, 'Repellendus sit et illo quaerat quis.', 'Sequi est nesciunt eveniet quas. Sed repudiandae doloribus libero esse dolore. Ut voluptatem ut qui officia et est. Suscipit itaque incidunt nihil asperiores.', 2, 1, 0, 0, 0, 0, 'Repellendus sit et illo quaerat quis.', NULL, '2018-09-26 13:10:41', '2018-10-04 18:29:56'),
(96, 'Pariatur molestias tenetur eos ut est.', 'Quod commodi numquam aliquam deserunt. Id culpa enim porro eos. Reiciendis error sint hic officia. Similique provident assumenda voluptatibus et eos.', 10, 4, 0, 0, 0, 0, 'Pariatur molestias tenetur eos ut est.', NULL, '2018-09-26 16:28:08', '2018-10-16 04:19:53'),
(97, 'Modi voluptates non doloribus voluptas.', 'Est voluptates consequatur pariatur eos molestiae voluptatem excepturi. Qui nemo corrupti eligendi rerum. Commodi repellat vel ut id. Ab voluptatem quisquam iure qui quis.', 7, 2, 0, 0, 0, 0, 'Modi voluptates non doloribus voluptas.', NULL, '2018-09-23 08:12:17', '2018-09-23 13:37:43'),
(98, 'Omnis optio voluptatem pariatur dolorem tenetur totam.', 'Distinctio ea reiciendis et quos. Provident quis id iusto sunt. Temporibus ullam rem harum esse itaque laborum.', 10, 3, 0, 0, 0, 0, 'Omnis optio voluptatem pariatur dolorem tenetur totam.', NULL, '2018-09-30 18:19:00', '2018-10-13 12:18:41'),
(99, 'Aut aperiam aut eius rerum officia nesciunt qui.', 'Officiis in sint non nam vitae quae officiis. Aut recusandae nihil sed. Non et nihil velit aut qui perspiciatis ex. Dolor veritatis blanditiis corporis incidunt cumque adipisci cum.', 6, 4, 0, 0, 0, 0, 'Aut aperiam aut eius rerum officia nesciunt qui.', NULL, '2018-10-01 18:43:23', '2018-10-18 18:50:47'),
(100, 'Non tempora cupiditate quo totam quae eveniet.', 'Sit iste voluptatem repellendus optio quam illum. Maiores esse asperiores repudiandae ducimus et et eveniet in. Mollitia odit rerum eum eaque dolor asperiores at. Omnis ipsa earum qui.', 8, 4, 0, 0, 0, 0, 'Non tempora cupiditate quo totam quae eveniet.', NULL, '2018-10-03 13:18:00', '2018-10-18 00:42:03');

-- --------------------------------------------------------

--
-- 表的结构 `users`
--

CREATE TABLE `users` (
  `id` int(10) UNSIGNED NOT NULL,
  `name` varchar(30) COLLATE utf8mb4_unicode_ci NOT NULL,
  `email` varchar(50) COLLATE utf8mb4_unicode_ci NOT NULL,
  `password` varchar(255) COLLATE utf8mb4_unicode_ci NOT NULL,
  `remember_token` varchar(100) COLLATE utf8mb4_unicode_ci DEFAULT NULL,
  `created_at` timestamp NULL DEFAULT NULL,
  `updated_at` timestamp NULL DEFAULT NULL,
  `avatar` varchar(255) COLLATE utf8mb4_unicode_ci DEFAULT NULL,
  `introduction` varchar(255) COLLATE utf8mb4_unicode_ci DEFAULT NULL,
  `notification_count` int(10) UNSIGNED NOT NULL DEFAULT '0',
  `last_actived_at` timestamp NULL DEFAULT NULL
) ENGINE=InnoDB DEFAULT CHARSET=utf8mb4 COLLATE=utf8mb4_unicode_ci;

--
-- 转存表中的数据 `users`
--

INSERT INTO `users` (`id`, `name`, `email`, `password`, `remember_token`, `created_at`, `updated_at`, `avatar`, `introduction`, `notification_count`, `last_actived_at`) VALUES
(1, 'Summer', 'summer@yousails.com', '$2y$10$5.J/vzRWZioX4BASwmfzMu..c6hBeAqdilI0vryfouoUrLP8OKRTm', 'FgjXXpVSpD', '2018-10-22 11:03:09', '2018-10-22 11:03:10', 'https://fsdhubcdn.phphub.org/uploads/images/201710/14/1/ZqM7iaP4CR.png?imageView2/1/w/200/h/200', 'Necessitatibus voluptas rerum reiciendis minima excepturi.', 0, NULL),
(2, 'Murphy Gaylord V', 'macey.gerhold@example.com', '$2y$10$5.J/vzRWZioX4BASwmfzMu..c6hBeAqdilI0vryfouoUrLP8OKRTm', 'QED67HLYz8', '2018-10-22 11:03:10', '2018-10-22 11:03:10', 'https://fsdhubcdn.phphub.org/uploads/images/201710/14/1/Lhd1SHqu86.png?imageView2/1/w/200/h/200', 'Distinctio et error soluta molestias.', 0, NULL),
(3, 'Carmen Lindgren', 'kmckenzie@example.com', '$2y$10$5.J/vzRWZioX4BASwmfzMu..c6hBeAqdilI0vryfouoUrLP8OKRTm', 'wROcFTKunM', '2018-10-22 11:03:10', '2018-10-22 11:03:10', 'https://fsdhubcdn.phphub.org/uploads/images/201710/14/1/Lhd1SHqu86.png?imageView2/1/w/200/h/200', 'In nobis excepturi iste delectus omnis quis alias.', 0, NULL),
(4, 'Hal Rohan', 'miller.roscoe@example.net', '$2y$10$5.J/vzRWZioX4BASwmfzMu..c6hBeAqdilI0vryfouoUrLP8OKRTm', 'Dqrl578z21', '2018-10-22 11:03:10', '2018-10-22 11:03:10', 'https://fsdhubcdn.phphub.org/uploads/images/201710/14/1/NDnzMutoxX.png?imageView2/1/w/200/h/200', 'Magni error fuga temporibus id at architecto sit est.', 0, NULL),
(5, 'Tracy Larkin Sr.', 'brown.mittie@example.org', '$2y$10$5.J/vzRWZioX4BASwmfzMu..c6hBeAqdilI0vryfouoUrLP8OKRTm', '4iTlbZitiK', '2018-10-22 11:03:10', '2018-10-22 11:03:10', 'https://fsdhubcdn.phphub.org/uploads/images/201710/14/1/xAuDMxteQy.png?imageView2/1/w/200/h/200', 'Dolor ipsa quibusdam facere minus numquam consectetur.', 0, NULL),
(6, 'Derick Weimann Jr.', 'uschoen@example.org', '$2y$10$5.J/vzRWZioX4BASwmfzMu..c6hBeAqdilI0vryfouoUrLP8OKRTm', 'Yo5j7qNYeh', '2018-10-22 11:03:10', '2018-10-22 11:03:10', 'https://fsdhubcdn.phphub.org/uploads/images/201710/14/1/Lhd1SHqu86.png?imageView2/1/w/200/h/200', 'Ut doloribus alias non architecto est.', 0, NULL),
(7, 'Dr. Emily Schaden', 'waino.zieme@example.org', '$2y$10$5.J/vzRWZioX4BASwmfzMu..c6hBeAqdilI0vryfouoUrLP8OKRTm', 'WlH3r2rglj', '2018-10-22 11:03:10', '2018-10-22 11:03:10', 'https://fsdhubcdn.phphub.org/uploads/images/201710/14/1/NDnzMutoxX.png?imageView2/1/w/200/h/200', 'Tenetur odio id eos beatae eligendi.', 0, NULL),
(8, 'Keagan Metz', 'edmond.schimmel@example.org', '$2y$10$5.J/vzRWZioX4BASwmfzMu..c6hBeAqdilI0vryfouoUrLP8OKRTm', 'fwjhrNWnue', '2018-10-22 11:03:10', '2018-10-22 11:03:10', 'https://fsdhubcdn.phphub.org/uploads/images/201710/14/1/Lhd1SHqu86.png?imageView2/1/w/200/h/200', 'Aliquam ut adipisci incidunt qui.', 0, NULL),
(9, 'Shayne Leannon', 'amarquardt@example.net', '$2y$10$5.J/vzRWZioX4BASwmfzMu..c6hBeAqdilI0vryfouoUrLP8OKRTm', '1Wn07rfDzE', '2018-10-22 11:03:10', '2018-10-22 11:03:10', 'https://fsdhubcdn.phphub.org/uploads/images/201710/14/1/NDnzMutoxX.png?imageView2/1/w/200/h/200', 'Consectetur deserunt illum quis quam delectus repellat perferendis dignissimos.', 0, NULL),
(10, 'Columbus Schowalter Jr.', 'upton.kale@example.net', '$2y$10$5.J/vzRWZioX4BASwmfzMu..c6hBeAqdilI0vryfouoUrLP8OKRTm', 'PKFJK6TXH8', '2018-10-22 11:03:10', '2018-10-22 11:03:10', 'https://fsdhubcdn.phphub.org/uploads/images/201710/14/1/NDnzMutoxX.png?imageView2/1/w/200/h/200', 'Qui doloremque neque iste error et sed.', 0, NULL);

--
-- Indexes for dumped tables
--

--
-- Indexes for table `categories`
--
ALTER TABLE `categories`
  ADD PRIMARY KEY (`id`),
  ADD KEY `categories_name_index` (`name`);

--
-- Indexes for table `failed_jobs`
--
ALTER TABLE `failed_jobs`
  ADD PRIMARY KEY (`id`);

--
-- Indexes for table `links`
--
ALTER TABLE `links`
  ADD PRIMARY KEY (`id`),
  ADD KEY `links_title_index` (`title`),
  ADD KEY `links_link_index` (`link`);

--
-- Indexes for table `migrations`
--
ALTER TABLE `migrations`
  ADD PRIMARY KEY (`id`);

--
-- Indexes for table `model_has_permissions`
--
ALTER TABLE `model_has_permissions`
  ADD PRIMARY KEY (`permission_id`,`model_id`,`model_type`),
  ADD KEY `model_has_permissions_model_id_model_type_index` (`model_id`,`model_type`);

--
-- Indexes for table `model_has_roles`
--
ALTER TABLE `model_has_roles`
  ADD PRIMARY KEY (`role_id`,`model_id`,`model_type`),
  ADD KEY `model_has_roles_model_id_model_type_index` (`model_id`,`model_type`);

--
-- Indexes for table `notifications`
--
ALTER TABLE `notifications`
  ADD PRIMARY KEY (`id`),
  ADD KEY `notifications_notifiable_id_notifiable_type_index` (`notifiable_id`,`notifiable_type`);

--
-- Indexes for table `password_resets`
--
ALTER TABLE `password_resets`
  ADD KEY `password_resets_email_index` (`email`);

--
-- Indexes for table `permissions`
--
ALTER TABLE `permissions`
  ADD PRIMARY KEY (`id`);

--
-- Indexes for table `replies`
--
ALTER TABLE `replies`
  ADD PRIMARY KEY (`id`),
  ADD KEY `replies_topic_id_index` (`topic_id`),
  ADD KEY `replies_user_id_index` (`user_id`);

--
-- Indexes for table `roles`
--
ALTER TABLE `roles`
  ADD PRIMARY KEY (`id`);

--
-- Indexes for table `role_has_permissions`
--
ALTER TABLE `role_has_permissions`
  ADD PRIMARY KEY (`permission_id`,`role_id`),
  ADD KEY `role_has_permissions_role_id_foreign` (`role_id`);

--
-- Indexes for table `topics`
--
ALTER TABLE `topics`
  ADD PRIMARY KEY (`id`),
  ADD KEY `topics_title_index` (`title`),
  ADD KEY `topics_user_id_index` (`user_id`),
  ADD KEY `topics_category_id_index` (`category_id`);

--
-- Indexes for table `users`
--
ALTER TABLE `users`
  ADD PRIMARY KEY (`id`),
  ADD UNIQUE KEY `users_email_unique` (`email`);

--
-- 在导出的表使用AUTO_INCREMENT
--

--
-- 使用表AUTO_INCREMENT `categories`
--
ALTER TABLE `categories`
  MODIFY `id` int(10) UNSIGNED NOT NULL AUTO_INCREMENT, AUTO_INCREMENT=5;

--
-- 使用表AUTO_INCREMENT `failed_jobs`
--
ALTER TABLE `failed_jobs`
  MODIFY `id` bigint(20) UNSIGNED NOT NULL AUTO_INCREMENT;

--
-- 使用表AUTO_INCREMENT `links`
--
ALTER TABLE `links`
  MODIFY `id` int(10) UNSIGNED NOT NULL AUTO_INCREMENT, AUTO_INCREMENT=7;

--
-- 使用表AUTO_INCREMENT `migrations`
--
ALTER TABLE `migrations`
  MODIFY `id` int(10) UNSIGNED NOT NULL AUTO_INCREMENT, AUTO_INCREMENT=16;

--
-- 使用表AUTO_INCREMENT `permissions`
--
ALTER TABLE `permissions`
  MODIFY `id` int(10) UNSIGNED NOT NULL AUTO_INCREMENT, AUTO_INCREMENT=4;

--
-- 使用表AUTO_INCREMENT `replies`
--
ALTER TABLE `replies`
  MODIFY `id` int(10) UNSIGNED NOT NULL AUTO_INCREMENT, AUTO_INCREMENT=1001;

--
-- 使用表AUTO_INCREMENT `roles`
--
ALTER TABLE `roles`
  MODIFY `id` int(10) UNSIGNED NOT NULL AUTO_INCREMENT, AUTO_INCREMENT=3;

--
-- 使用表AUTO_INCREMENT `topics`
--
ALTER TABLE `topics`
  MODIFY `id` int(10) UNSIGNED NOT NULL AUTO_INCREMENT, AUTO_INCREMENT=101;

--
-- 使用表AUTO_INCREMENT `users`
--
ALTER TABLE `users`
  MODIFY `id` int(10) UNSIGNED NOT NULL AUTO_INCREMENT, AUTO_INCREMENT=11;

--
-- 限制导出的表
--

--
-- 限制表 `model_has_permissions`
--
ALTER TABLE `model_has_permissions`
  ADD CONSTRAINT `model_has_permissions_permission_id_foreign` FOREIGN KEY (`permission_id`) REFERENCES `permissions` (`id`) ON DELETE CASCADE;

--
-- 限制表 `model_has_roles`
--
ALTER TABLE `model_has_roles`
  ADD CONSTRAINT `model_has_roles_role_id_foreign` FOREIGN KEY (`role_id`) REFERENCES `roles` (`id`) ON DELETE CASCADE;

--
-- 限制表 `replies`
--
ALTER TABLE `replies`
  ADD CONSTRAINT `replies_topic_id_foreign` FOREIGN KEY (`topic_id`) REFERENCES `topics` (`id`) ON DELETE CASCADE,
  ADD CONSTRAINT `replies_user_id_foreign` FOREIGN KEY (`user_id`) REFERENCES `users` (`id`) ON DELETE CASCADE;

--
-- 限制表 `role_has_permissions`
--
ALTER TABLE `role_has_permissions`
  ADD CONSTRAINT `role_has_permissions_permission_id_foreign` FOREIGN KEY (`permission_id`) REFERENCES `permissions` (`id`) ON DELETE CASCADE,
  ADD CONSTRAINT `role_has_permissions_role_id_foreign` FOREIGN KEY (`role_id`) REFERENCES `roles` (`id`) ON DELETE CASCADE;

--
-- 限制表 `topics`
--
ALTER TABLE `topics`
  ADD CONSTRAINT `topics_user_id_foreign` FOREIGN KEY (`user_id`) REFERENCES `users` (`id`) ON DELETE CASCADE;
COMMIT;

/*!40101 SET CHARACTER_SET_CLIENT=@OLD_CHARACTER_SET_CLIENT */;
/*!40101 SET CHARACTER_SET_RESULTS=@OLD_CHARACTER_SET_RESULTS */;
/*!40101 SET COLLATION_CONNECTION=@OLD_COLLATION_CONNECTION */;
